<annotation>
  <folder>input</folder>
  <filename>13_crop2.jpg</filename>
  <path>D:\FAKS\DIPLOMSKI_RAD\OpenLabeling-master\OpenLabeling-master\main\input\13_crop2.jpg</path>
  <source>
    <database>Unknown</database>
  </source>
  <size>
    <width>1024</width>
    <height>1024</height>
    <depth>3</depth>
  </size>
  <segmented>0</segmented>
  <object>
    <name>varroe</name>
    <pose>Unspecified</pose>
    <truncated>0</truncated>
    <difficult>0</difficult>
    <bndbox>
      <xmin>79</xmin>
      <ymin>266</ymin>
      <xmax>101</xmax>
      <ymax>292</ymax>
    </bndbox>
  </object>
  <object>
    <name>varroe</name>
    <pose>Unspecified</pose>
    <truncated>0</truncated>
    <difficult>0</difficult>
    <bndbox>
      <xmin>111</xmin>
      <ymin>232</ymin>
      <xmax>129</xmax>
      <ymax>250</ymax>
    </bndbox>
  </object>
  <object>
    <name>varroe</name>
    <pose>Unspecified</pose>
    <truncated>0</truncated>
    <difficult>0</difficult>
    <bndbox>
      <xmin>288</xmin>
      <ymin>23</ymin>
      <xmax>304</xmax>
      <ymax>41</ymax>
    </bndbox>
  </object>
  <object>
    <name>varroe</name>
    <pose>Unspecified</pose>
    <truncated>0</truncated>
    <difficult>0</difficult>
    <bndbox>
      <xmin>299</xmin>
      <ymin>5</ymin>
      <xmax>317</xmax>
      <ymax>21</ymax>
    </bndbox>
  </object>
  <object>
    <name>varroe</name>
    <pose>Unspecified</pose>
    <truncated>0</truncated>
    <difficult>0</difficult>
    <bndbox>
      <xmin>891</xmin>
      <ymin>36</ymin>
      <xmax>909</xmax>
      <ymax>57</ymax>
    </bndbox>
  </object>
  <object>
    <name>varroe</name>
    <pose>Unspecified</pose>
    <truncated>0</truncated>
    <difficult>0</difficult>
    <bndbox>
      <xmin>934</xmin>
      <ymin>121</ymin>
      <xmax>957</xmax>
      <ymax>139</ymax>
    </bndbox>
  </object>
  <object>
    <name>varroe</name>
    <pose>Unspecified</pose>
    <truncated>0</truncated>
    <difficult>0</difficult>
    <bndbox>
      <xmin>799</xmin>
      <ymin>86</ymin>
      <xmax>817</xmax>
      <ymax>102</ymax>
    </bndbox>
  </object>
  <object>
    <name>varroe</name>
    <pose>Unspecified</pose>
    <truncated>0</truncated>
    <difficult>0</difficult>
    <bndbox>
      <xmin>633</xmin>
      <ymin>52</ymin>
      <xmax>646</xmax>
      <ymax>75</ymax>
    </bndbox>
  </object>
  <object>
    <name>varroe</name>
    <pose>Unspecified</pose>
    <truncated>0</truncated>
    <difficult>0</difficult>
    <bndbox>
      <xmin>647</xmin>
      <ymin>53</ymin>
      <xmax>660</xmax>
      <ymax>76</ymax>
    </bndbox>
  </object>
  <object>
    <name>varroe</name>
    <pose>Unspecified</pose>
    <truncated>0</truncated>
    <difficult>0</difficult>
    <bndbox>
      <xmin>509</xmin>
      <ymin>248</ymin>
      <xmax>523</xmax>
      <ymax>275</ymax>
    </bndbox>
  </object>
  <object>
    <name>varroe</name>
    <pose>Unspecified</pose>
    <truncated>0</truncated>
    <difficult>0</difficult>
    <bndbox>
      <xmin>242</xmin>
      <ymin>312</ymin>
      <xmax>258</xmax>
      <ymax>332</ymax>
    </bndbox>
  </object>
  <object>
    <name>varroe</name>
    <pose>Unspecified</pose>
    <truncated>0</truncated>
    <difficult>0</difficult>
    <bndbox>
      <xmin>21</xmin>
      <ymin>361</ymin>
      <xmax>38</xmax>
      <ymax>378</ymax>
    </bndbox>
  </object>
  <object>
    <name>varroe</name>
    <pose>Unspecified</pose>
    <truncated>0</truncated>
    <difficult>0</difficult>
    <bndbox>
      <xmin>67</xmin>
      <ymin>363</ymin>
      <xmax>86</xmax>
      <ymax>385</ymax>
    </bndbox>
  </object>
  <object>
    <name>varroe</name>
    <pose>Unspecified</pose>
    <truncated>0</truncated>
    <difficult>0</difficult>
    <bndbox>
      <xmin>102</xmin>
      <ymin>398</ymin>
      <xmax>118</xmax>
      <ymax>414</ymax>
    </bndbox>
  </object>
  <object>
    <name>varroe</name>
    <pose>Unspecified</pose>
    <truncated>0</truncated>
    <difficult>0</difficult>
    <bndbox>
      <xmin>253</xmin>
      <ymin>383</ymin>
      <xmax>273</xmax>
      <ymax>397</ymax>
    </bndbox>
  </object>
  <object>
    <name>varroe</name>
    <pose>Unspecified</pose>
    <truncated>0</truncated>
    <difficult>0</difficult>
    <bndbox>
      <xmin>354</xmin>
      <ymin>391</ymin>
      <xmax>374</xmax>
      <ymax>409</ymax>
    </bndbox>
  </object>
  <object>
    <name>varroe</name>
    <pose>Unspecified</pose>
    <truncated>0</truncated>
    <difficult>0</difficult>
    <bndbox>
      <xmin>457</xmin>
      <ymin>396</ymin>
      <xmax>477</xmax>
      <ymax>415</ymax>
    </bndbox>
  </object>
  <object>
    <name>varroe</name>
    <pose>Unspecified</pose>
    <truncated>0</truncated>
    <difficult>0</difficult>
    <bndbox>
      <xmin>816</xmin>
      <ymin>382</ymin>
      <xmax>831</xmax>
      <ymax>406</ymax>
    </bndbox>
  </object>
  <object>
    <name>varroe</name>
    <pose>Unspecified</pose>
    <truncated>0</truncated>
    <difficult>0</difficult>
    <bndbox>
      <xmin>929</xmin>
      <ymin>348</ymin>
      <xmax>946</xmax>
      <ymax>372</ymax>
    </bndbox>
  </object>
  <object>
    <name>varroe</name>
    <pose>Unspecified</pose>
    <truncated>0</truncated>
    <difficult>0</difficult>
    <bndbox>
      <xmin>131</xmin>
      <ymin>446</ymin>
      <xmax>146</xmax>
      <ymax>467</ymax>
    </bndbox>
  </object>
  <object>
    <name>varroe</name>
    <pose>Unspecified</pose>
    <truncated>0</truncated>
    <difficult>0</difficult>
    <bndbox>
      <xmin>120</xmin>
      <ymin>557</ymin>
      <xmax>137</xmax>
      <ymax>577</ymax>
    </bndbox>
  </object>
  <object>
    <name>varroe</name>
    <pose>Unspecified</pose>
    <truncated>0</truncated>
    <difficult>0</difficult>
    <bndbox>
      <xmin>162</xmin>
      <ymin>541</ymin>
      <xmax>178</xmax>
      <ymax>562</ymax>
    </bndbox>
  </object>
  <object>
    <name>varroe</name>
    <pose>Unspecified</pose>
    <truncated>0</truncated>
    <difficult>0</difficult>
    <bndbox>
      <xmin>65</xmin>
      <ymin>630</ymin>
      <xmax>82</xmax>
      <ymax>651</ymax>
    </bndbox>
  </object>
  <object>
    <name>varroe</name>
    <pose>Unspecified</pose>
    <truncated>0</truncated>
    <difficult>0</difficult>
    <bndbox>
      <xmin>146</xmin>
      <ymin>615</ymin>
      <xmax>162</xmax>
      <ymax>635</ymax>
    </bndbox>
  </object>
  <object>
    <name>varroe</name>
    <pose>Unspecified</pose>
    <truncated>0</truncated>
    <difficult>0</difficult>
    <bndbox>
      <xmin>415</xmin>
      <ymin>507</ymin>
      <xmax>431</xmax>
      <ymax>530</ymax>
    </bndbox>
  </object>
  <object>
    <name>varroe</name>
    <pose>Unspecified</pose>
    <truncated>0</truncated>
    <difficult>0</difficult>
    <bndbox>
      <xmin>453</xmin>
      <ymin>511</ymin>
      <xmax>471</xmax>
      <ymax>527</ymax>
    </bndbox>
  </object>
  <object>
    <name>varroe</name>
    <pose>Unspecified</pose>
    <truncated>0</truncated>
    <difficult>0</difficult>
    <bndbox>
      <xmin>717</xmin>
      <ymin>328</ymin>
      <xmax>732</xmax>
      <ymax>346</ymax>
    </bndbox>
  </object>
  <object>
    <name>varroe</name>
    <pose>Unspecified</pose>
    <truncated>0</truncated>
    <difficult>0</difficult>
    <bndbox>
      <xmin>727</xmin>
      <ymin>528</ymin>
      <xmax>745</xmax>
      <ymax>553</ymax>
    </bndbox>
  </object>
  <object>
    <name>varroe</name>
    <pose>Unspecified</pose>
    <truncated>0</truncated>
    <difficult>0</difficult>
    <bndbox>
      <xmin>125</xmin>
      <ymin>664</ymin>
      <xmax>140</xmax>
      <ymax>683</ymax>
    </bndbox>
  </object>
  <object>
    <name>varroe</name>
    <pose>Unspecified</pose>
    <truncated>0</truncated>
    <difficult>0</difficult>
    <bndbox>
      <xmin>110</xmin>
      <ymin>664</ymin>
      <xmax>126</xmax>
      <ymax>682</ymax>
    </bndbox>
  </object>
  <object>
    <name>varroe</name>
    <pose>Unspecified</pose>
    <truncated>0</truncated>
    <difficult>0</difficult>
    <bndbox>
      <xmin>83</xmin>
      <ymin>661</ymin>
      <xmax>100</xmax>
      <ymax>675</ymax>
    </bndbox>
  </object>
  <object>
    <name>varroe</name>
    <pose>Unspecified</pose>
    <truncated>0</truncated>
    <difficult>0</difficult>
    <bndbox>
      <xmin>127</xmin>
      <ymin>685</ymin>
      <xmax>142</xmax>
      <ymax>696</ymax>
    </bndbox>
  </object>
  <object>
    <name>varroe</name>
    <pose>Unspecified</pose>
    <truncated>0</truncated>
    <difficult>0</difficult>
    <bndbox>
      <xmin>125</xmin>
      <ymin>697</ymin>
      <xmax>141</xmax>
      <ymax>714</ymax>
    </bndbox>
  </object>
  <object>
    <name>varroe</name>
    <pose>Unspecified</pose>
    <truncated>0</truncated>
    <difficult>0</difficult>
    <bndbox>
      <xmin>119</xmin>
      <ymin>718</ymin>
      <xmax>136</xmax>
      <ymax>732</ymax>
    </bndbox>
  </object>
  <object>
    <name>varroe</name>
    <pose>Unspecified</pose>
    <truncated>0</truncated>
    <difficult>0</difficult>
    <bndbox>
      <xmin>123</xmin>
      <ymin>742</ymin>
      <xmax>137</xmax>
      <ymax>758</ymax>
    </bndbox>
  </object>
  <object>
    <name>varroe</name>
    <pose>Unspecified</pose>
    <truncated>0</truncated>
    <difficult>0</difficult>
    <bndbox>
      <xmin>79</xmin>
      <ymin>709</ymin>
      <xmax>100</xmax>
      <ymax>729</ymax>
    </bndbox>
  </object>
  <object>
    <name>varroe</name>
    <pose>Unspecified</pose>
    <truncated>0</truncated>
    <difficult>0</difficult>
    <bndbox>
      <xmin>20</xmin>
      <ymin>694</ymin>
      <xmax>38</xmax>
      <ymax>715</ymax>
    </bndbox>
  </object>
  <object>
    <name>varroe</name>
    <pose>Unspecified</pose>
    <truncated>0</truncated>
    <difficult>0</difficult>
    <bndbox>
      <xmin>37</xmin>
      <ymin>767</ymin>
      <xmax>52</xmax>
      <ymax>782</ymax>
    </bndbox>
  </object>
  <object>
    <name>varroe</name>
    <pose>Unspecified</pose>
    <truncated>0</truncated>
    <difficult>0</difficult>
    <bndbox>
      <xmin>43</xmin>
      <ymin>780</ymin>
      <xmax>59</xmax>
      <ymax>795</ymax>
    </bndbox>
  </object>
  <object>
    <name>varroe</name>
    <pose>Unspecified</pose>
    <truncated>0</truncated>
    <difficult>0</difficult>
    <bndbox>
      <xmin>26</xmin>
      <ymin>789</ymin>
      <xmax>39</xmax>
      <ymax>807</ymax>
    </bndbox>
  </object>
  <object>
    <name>varroe</name>
    <pose>Unspecified</pose>
    <truncated>0</truncated>
    <difficult>0</difficult>
    <bndbox>
      <xmin>13</xmin>
      <ymin>839</ymin>
      <xmax>30</xmax>
      <ymax>859</ymax>
    </bndbox>
  </object>
  <object>
    <name>varroe</name>
    <pose>Unspecified</pose>
    <truncated>0</truncated>
    <difficult>0</difficult>
    <bndbox>
      <xmin>50</xmin>
      <ymin>820</ymin>
      <xmax>67</xmax>
      <ymax>835</ymax>
    </bndbox>
  </object>
  <object>
    <name>varroe</name>
    <pose>Unspecified</pose>
    <truncated>0</truncated>
    <difficult>0</difficult>
    <bndbox>
      <xmin>12</xmin>
      <ymin>906</ymin>
      <xmax>34</xmax>
      <ymax>924</ymax>
    </bndbox>
  </object>
  <object>
    <name>varroe</name>
    <pose>Unspecified</pose>
    <truncated>0</truncated>
    <difficult>0</difficult>
    <bndbox>
      <xmin>191</xmin>
      <ymin>699</ymin>
      <xmax>211</xmax>
      <ymax>719</ymax>
    </bndbox>
  </object>
  <object>
    <name>varroe</name>
    <pose>Unspecified</pose>
    <truncated>0</truncated>
    <difficult>0</difficult>
    <bndbox>
      <xmin>273</xmin>
      <ymin>662</ymin>
      <xmax>286</xmax>
      <ymax>684</ymax>
    </bndbox>
  </object>
  <object>
    <name>varroe</name>
    <pose>Unspecified</pose>
    <truncated>0</truncated>
    <difficult>0</difficult>
    <bndbox>
      <xmin>262</xmin>
      <ymin>672</ymin>
      <xmax>276</xmax>
      <ymax>689</ymax>
    </bndbox>
  </object>
  <object>
    <name>varroe</name>
    <pose>Unspecified</pose>
    <truncated>0</truncated>
    <difficult>0</difficult>
    <bndbox>
      <xmin>246</xmin>
      <ymin>702</ymin>
      <xmax>262</xmax>
      <ymax>717</ymax>
    </bndbox>
  </object>
  <object>
    <name>varroe</name>
    <pose>Unspecified</pose>
    <truncated>0</truncated>
    <difficult>0</difficult>
    <bndbox>
      <xmin>244</xmin>
      <ymin>716</ymin>
      <xmax>260</xmax>
      <ymax>730</ymax>
    </bndbox>
  </object>
  <object>
    <name>varroe</name>
    <pose>Unspecified</pose>
    <truncated>0</truncated>
    <difficult>0</difficult>
    <bndbox>
      <xmin>113</xmin>
      <ymin>877</ymin>
      <xmax>132</xmax>
      <ymax>897</ymax>
    </bndbox>
  </object>
  <object>
    <name>varroe</name>
    <pose>Unspecified</pose>
    <truncated>0</truncated>
    <difficult>0</difficult>
    <bndbox>
      <xmin>136</xmin>
      <ymin>869</ymin>
      <xmax>151</xmax>
      <ymax>888</ymax>
    </bndbox>
  </object>
  <object>
    <name>varroe</name>
    <pose>Unspecified</pose>
    <truncated>0</truncated>
    <difficult>0</difficult>
    <bndbox>
      <xmin>211</xmin>
      <ymin>798</ymin>
      <xmax>232</xmax>
      <ymax>814</ymax>
    </bndbox>
  </object>
  <object>
    <name>varroe</name>
    <pose>Unspecified</pose>
    <truncated>0</truncated>
    <difficult>0</difficult>
    <bndbox>
      <xmin>228</xmin>
      <ymin>760</ymin>
      <xmax>248</xmax>
      <ymax>781</ymax>
    </bndbox>
  </object>
  <object>
    <name>varroe</name>
    <pose>Unspecified</pose>
    <truncated>0</truncated>
    <difficult>0</difficult>
    <bndbox>
      <xmin>250</xmin>
      <ymin>751</ymin>
      <xmax>267</xmax>
      <ymax>771</ymax>
    </bndbox>
  </object>
  <object>
    <name>varroe</name>
    <pose>Unspecified</pose>
    <truncated>0</truncated>
    <difficult>0</difficult>
    <bndbox>
      <xmin>63</xmin>
      <ymin>945</ymin>
      <xmax>81</xmax>
      <ymax>960</ymax>
    </bndbox>
  </object>
  <object>
    <name>varroe</name>
    <pose>Unspecified</pose>
    <truncated>0</truncated>
    <difficult>0</difficult>
    <bndbox>
      <xmin>0</xmin>
      <ymin>985</ymin>
      <xmax>13</xmax>
      <ymax>1001</ymax>
    </bndbox>
  </object>
  <object>
    <name>varroe</name>
    <pose>Unspecified</pose>
    <truncated>0</truncated>
    <difficult>0</difficult>
    <bndbox>
      <xmin>0</xmin>
      <ymin>1005</ymin>
      <xmax>13</xmax>
      <ymax>1022</ymax>
    </bndbox>
  </object>
  <object>
    <name>varroe</name>
    <pose>Unspecified</pose>
    <truncated>0</truncated>
    <difficult>0</difficult>
    <bndbox>
      <xmin>371</xmin>
      <ymin>603</ymin>
      <xmax>388</xmax>
      <ymax>617</ymax>
    </bndbox>
  </object>
  <object>
    <name>varroe</name>
    <pose>Unspecified</pose>
    <truncated>0</truncated>
    <difficult>0</difficult>
    <bndbox>
      <xmin>342</xmin>
      <ymin>622</ymin>
      <xmax>356</xmax>
      <ymax>638</ymax>
    </bndbox>
  </object>
  <object>
    <name>varroe</name>
    <pose>Unspecified</pose>
    <truncated>0</truncated>
    <difficult>0</difficult>
    <bndbox>
      <xmin>330</xmin>
      <ymin>626</ymin>
      <xmax>342</xmax>
      <ymax>646</ymax>
    </bndbox>
  </object>
  <object>
    <name>varroe</name>
    <pose>Unspecified</pose>
    <truncated>0</truncated>
    <difficult>0</difficult>
    <bndbox>
      <xmin>315</xmin>
      <ymin>671</ymin>
      <xmax>337</xmax>
      <ymax>692</ymax>
    </bndbox>
  </object>
  <object>
    <name>varroe</name>
    <pose>Unspecified</pose>
    <truncated>0</truncated>
    <difficult>0</difficult>
    <bndbox>
      <xmin>323</xmin>
      <ymin>702</ymin>
      <xmax>339</xmax>
      <ymax>720</ymax>
    </bndbox>
  </object>
  <object>
    <name>varroe</name>
    <pose>Unspecified</pose>
    <truncated>0</truncated>
    <difficult>0</difficult>
    <bndbox>
      <xmin>345</xmin>
      <ymin>686</ymin>
      <xmax>361</xmax>
      <ymax>706</ymax>
    </bndbox>
  </object>
  <object>
    <name>varroe</name>
    <pose>Unspecified</pose>
    <truncated>0</truncated>
    <difficult>0</difficult>
    <bndbox>
      <xmin>355</xmin>
      <ymin>697</ymin>
      <xmax>374</xmax>
      <ymax>712</ymax>
    </bndbox>
  </object>
  <object>
    <name>varroe</name>
    <pose>Unspecified</pose>
    <truncated>0</truncated>
    <difficult>0</difficult>
    <bndbox>
      <xmin>383</xmin>
      <ymin>684</ymin>
      <xmax>401</xmax>
      <ymax>702</ymax>
    </bndbox>
  </object>
  <object>
    <name>varroe</name>
    <pose>Unspecified</pose>
    <truncated>0</truncated>
    <difficult>0</difficult>
    <bndbox>
      <xmin>432</xmin>
      <ymin>615</ymin>
      <xmax>450</xmax>
      <ymax>639</ymax>
    </bndbox>
  </object>
  <object>
    <name>varroe</name>
    <pose>Unspecified</pose>
    <truncated>0</truncated>
    <difficult>0</difficult>
    <bndbox>
      <xmin>456</xmin>
      <ymin>574</ymin>
      <xmax>479</xmax>
      <ymax>594</ymax>
    </bndbox>
  </object>
  <object>
    <name>varroe</name>
    <pose>Unspecified</pose>
    <truncated>0</truncated>
    <difficult>0</difficult>
    <bndbox>
      <xmin>546</xmin>
      <ymin>638</ymin>
      <xmax>567</xmax>
      <ymax>658</ymax>
    </bndbox>
  </object>
  <object>
    <name>varroe</name>
    <pose>Unspecified</pose>
    <truncated>0</truncated>
    <difficult>0</difficult>
    <bndbox>
      <xmin>463</xmin>
      <ymin>642</ymin>
      <xmax>485</xmax>
      <ymax>667</ymax>
    </bndbox>
  </object>
  <object>
    <name>varroe</name>
    <pose>Unspecified</pose>
    <truncated>0</truncated>
    <difficult>0</difficult>
    <bndbox>
      <xmin>506</xmin>
      <ymin>671</ymin>
      <xmax>521</xmax>
      <ymax>690</ymax>
    </bndbox>
  </object>
  <object>
    <name>varroe</name>
    <pose>Unspecified</pose>
    <truncated>0</truncated>
    <difficult>0</difficult>
    <bndbox>
      <xmin>518</xmin>
      <ymin>710</ymin>
      <xmax>535</xmax>
      <ymax>730</ymax>
    </bndbox>
  </object>
  <object>
    <name>varroe</name>
    <pose>Unspecified</pose>
    <truncated>0</truncated>
    <difficult>0</difficult>
    <bndbox>
      <xmin>435</xmin>
      <ymin>723</ymin>
      <xmax>450</xmax>
      <ymax>742</ymax>
    </bndbox>
  </object>
  <object>
    <name>varroe</name>
    <pose>Unspecified</pose>
    <truncated>0</truncated>
    <difficult>0</difficult>
    <bndbox>
      <xmin>408</xmin>
      <ymin>760</ymin>
      <xmax>426</xmax>
      <ymax>778</ymax>
    </bndbox>
  </object>
  <object>
    <name>varroe</name>
    <pose>Unspecified</pose>
    <truncated>0</truncated>
    <difficult>0</difficult>
    <bndbox>
      <xmin>412</xmin>
      <ymin>810</ymin>
      <xmax>433</xmax>
      <ymax>827</ymax>
    </bndbox>
  </object>
  <object>
    <name>varroe</name>
    <pose>Unspecified</pose>
    <truncated>0</truncated>
    <difficult>0</difficult>
    <bndbox>
      <xmin>340</xmin>
      <ymin>809</ymin>
      <xmax>356</xmax>
      <ymax>828</ymax>
    </bndbox>
  </object>
  <object>
    <name>varroe</name>
    <pose>Unspecified</pose>
    <truncated>0</truncated>
    <difficult>0</difficult>
    <bndbox>
      <xmin>244</xmin>
      <ymin>803</ymin>
      <xmax>262</xmax>
      <ymax>823</ymax>
    </bndbox>
  </object>
  <object>
    <name>varroe</name>
    <pose>Unspecified</pose>
    <truncated>0</truncated>
    <difficult>0</difficult>
    <bndbox>
      <xmin>137</xmin>
      <ymin>917</ymin>
      <xmax>154</xmax>
      <ymax>933</ymax>
    </bndbox>
  </object>
  <object>
    <name>varroe</name>
    <pose>Unspecified</pose>
    <truncated>0</truncated>
    <difficult>0</difficult>
    <bndbox>
      <xmin>123</xmin>
      <ymin>960</ymin>
      <xmax>141</xmax>
      <ymax>980</ymax>
    </bndbox>
  </object>
  <object>
    <name>varroe</name>
    <pose>Unspecified</pose>
    <truncated>0</truncated>
    <difficult>0</difficult>
    <bndbox>
      <xmin>97</xmin>
      <ymin>973</ymin>
      <xmax>111</xmax>
      <ymax>993</ymax>
    </bndbox>
  </object>
  <object>
    <name>varroe</name>
    <pose>Unspecified</pose>
    <truncated>0</truncated>
    <difficult>0</difficult>
    <bndbox>
      <xmin>82</xmin>
      <ymin>988</ymin>
      <xmax>96</xmax>
      <ymax>1004</ymax>
    </bndbox>
  </object>
  <object>
    <name>varroe</name>
    <pose>Unspecified</pose>
    <truncated>0</truncated>
    <difficult>0</difficult>
    <bndbox>
      <xmin>59</xmin>
      <ymin>995</ymin>
      <xmax>76</xmax>
      <ymax>1012</ymax>
    </bndbox>
  </object>
  <object>
    <name>varroe</name>
    <pose>Unspecified</pose>
    <truncated>0</truncated>
    <difficult>0</difficult>
    <bndbox>
      <xmin>25</xmin>
      <ymin>983</ymin>
      <xmax>40</xmax>
      <ymax>995</ymax>
    </bndbox>
  </object>
  <object>
    <name>varroe</name>
    <pose>Unspecified</pose>
    <truncated>0</truncated>
    <difficult>0</difficult>
    <bndbox>
      <xmin>32</xmin>
      <ymin>992</ymin>
      <xmax>47</xmax>
      <ymax>1005</ymax>
    </bndbox>
  </object>
  <object>
    <name>varroe</name>
    <pose>Unspecified</pose>
    <truncated>0</truncated>
    <difficult>0</difficult>
    <bndbox>
      <xmin>921</xmin>
      <ymin>540</ymin>
      <xmax>939</xmax>
      <ymax>562</ymax>
    </bndbox>
  </object>
  <object>
    <name>varroe</name>
    <pose>Unspecified</pose>
    <truncated>0</truncated>
    <difficult>0</difficult>
    <bndbox>
      <xmin>938</xmin>
      <ymin>906</ymin>
      <xmax>958</xmax>
      <ymax>925</ymax>
    </bndbox>
  </object>
  <object>
    <name>varroe</name>
    <pose>Unspecified</pose>
    <truncated>0</truncated>
    <difficult>0</difficult>
    <bndbox>
      <xmin>907</xmin>
      <ymin>973</ymin>
      <xmax>926</xmax>
      <ymax>990</ymax>
    </bndbox>
  </object>
  <object>
    <name>varroe</name>
    <pose>Unspecified</pose>
    <truncated>0</truncated>
    <difficult>0</difficult>
    <bndbox>
      <xmin>877</xmin>
      <ymin>992</ymin>
      <xmax>893</xmax>
      <ymax>1015</ymax>
    </bndbox>
  </object>
  <object>
    <name>varroe</name>
    <pose>Unspecified</pose>
    <truncated>0</truncated>
    <difficult>0</difficult>
    <bndbox>
      <xmin>949</xmin>
      <ymin>681</ymin>
      <xmax>961</xmax>
      <ymax>699</ymax>
    </bndbox>
  </object>
  <object>
    <name>varroe</name>
    <pose>Unspecified</pose>
    <truncated>0</truncated>
    <difficult>0</difficult>
    <bndbox>
      <xmin>940</xmin>
      <ymin>657</ymin>
      <xmax>957</xmax>
      <ymax>677</ymax>
    </bndbox>
  </object>
  <object>
    <name>varroe</name>
    <pose>Unspecified</pose>
    <truncated>0</truncated>
    <difficult>0</difficult>
    <bndbox>
      <xmin>937</xmin>
      <ymin>691</ymin>
      <xmax>952</xmax>
      <ymax>714</ymax>
    </bndbox>
  </object>
  <object>
    <name>varroe</name>
    <pose>Unspecified</pose>
    <truncated>0</truncated>
    <difficult>0</difficult>
    <bndbox>
      <xmin>918</xmin>
      <ymin>711</ymin>
      <xmax>932</xmax>
      <ymax>734</ymax>
    </bndbox>
  </object>
  <object>
    <name>varroe</name>
    <pose>Unspecified</pose>
    <truncated>0</truncated>
    <difficult>0</difficult>
    <bndbox>
      <xmin>895</xmin>
      <ymin>702</ymin>
      <xmax>913</xmax>
      <ymax>719</ymax>
    </bndbox>
  </object>
  <object>
    <name>varroe</name>
    <pose>Unspecified</pose>
    <truncated>0</truncated>
    <difficult>0</difficult>
    <bndbox>
      <xmin>891</xmin>
      <ymin>686</ymin>
      <xmax>909</xmax>
      <ymax>701</ymax>
    </bndbox>
  </object>
  <object>
    <name>varroe</name>
    <pose>Unspecified</pose>
    <truncated>0</truncated>
    <difficult>0</difficult>
    <bndbox>
      <xmin>868</xmin>
      <ymin>628</ymin>
      <xmax>888</xmax>
      <ymax>646</ymax>
    </bndbox>
  </object>
  <object>
    <name>varroe</name>
    <pose>Unspecified</pose>
    <truncated>0</truncated>
    <difficult>0</difficult>
    <bndbox>
      <xmin>778</xmin>
      <ymin>542</ymin>
      <xmax>800</xmax>
      <ymax>566</ymax>
    </bndbox>
  </object>
  <object>
    <name>varroe</name>
    <pose>Unspecified</pose>
    <truncated>0</truncated>
    <difficult>0</difficult>
    <bndbox>
      <xmin>830</xmin>
      <ymin>624</ymin>
      <xmax>849</xmax>
      <ymax>648</ymax>
    </bndbox>
  </object>
  <object>
    <name>varroe</name>
    <pose>Unspecified</pose>
    <truncated>0</truncated>
    <difficult>0</difficult>
    <bndbox>
      <xmin>838</xmin>
      <ymin>689</ymin>
      <xmax>854</xmax>
      <ymax>711</ymax>
    </bndbox>
  </object>
  <object>
    <name>varroe</name>
    <pose>Unspecified</pose>
    <truncated>0</truncated>
    <difficult>0</difficult>
    <bndbox>
      <xmin>813</xmin>
      <ymin>744</ymin>
      <xmax>834</xmax>
      <ymax>763</ymax>
    </bndbox>
  </object>
  <object>
    <name>varroe</name>
    <pose>Unspecified</pose>
    <truncated>0</truncated>
    <difficult>0</difficult>
    <bndbox>
      <xmin>788</xmin>
      <ymin>684</ymin>
      <xmax>807</xmax>
      <ymax>705</ymax>
    </bndbox>
  </object>
  <object>
    <name>varroe</name>
    <pose>Unspecified</pose>
    <truncated>0</truncated>
    <difficult>0</difficult>
    <bndbox>
      <xmin>749</xmin>
      <ymin>658</ymin>
      <xmax>767</xmax>
      <ymax>676</ymax>
    </bndbox>
  </object>
  <object>
    <name>varroe</name>
    <pose>Unspecified</pose>
    <truncated>0</truncated>
    <difficult>0</difficult>
    <bndbox>
      <xmin>774</xmin>
      <ymin>717</ymin>
      <xmax>790</xmax>
      <ymax>734</ymax>
    </bndbox>
  </object>
  <object>
    <name>varroe</name>
    <pose>Unspecified</pose>
    <truncated>0</truncated>
    <difficult>0</difficult>
    <bndbox>
      <xmin>778</xmin>
      <ymin>810</ymin>
      <xmax>796</xmax>
      <ymax>825</ymax>
    </bndbox>
  </object>
  <object>
    <name>varroe</name>
    <pose>Unspecified</pose>
    <truncated>0</truncated>
    <difficult>0</difficult>
    <bndbox>
      <xmin>775</xmin>
      <ymin>989</ymin>
      <xmax>791</xmax>
      <ymax>1010</ymax>
    </bndbox>
  </object>
  <object>
    <name>varroe</name>
    <pose>Unspecified</pose>
    <truncated>0</truncated>
    <difficult>0</difficult>
    <bndbox>
      <xmin>753</xmin>
      <ymin>880</ymin>
      <xmax>771</xmax>
      <ymax>896</ymax>
    </bndbox>
  </object>
  <object>
    <name>varroe</name>
    <pose>Unspecified</pose>
    <truncated>0</truncated>
    <difficult>0</difficult>
    <bndbox>
      <xmin>742</xmin>
      <ymin>892</ymin>
      <xmax>759</xmax>
      <ymax>907</ymax>
    </bndbox>
  </object>
  <object>
    <name>varroe</name>
    <pose>Unspecified</pose>
    <truncated>0</truncated>
    <difficult>0</difficult>
    <bndbox>
      <xmin>742</xmin>
      <ymin>907</ymin>
      <xmax>761</xmax>
      <ymax>920</ymax>
    </bndbox>
  </object>
  <object>
    <name>varroe</name>
    <pose>Unspecified</pose>
    <truncated>0</truncated>
    <difficult>0</difficult>
    <bndbox>
      <xmin>758</xmin>
      <ymin>927</ymin>
      <xmax>771</xmax>
      <ymax>946</ymax>
    </bndbox>
  </object>
  <object>
    <name>varroe</name>
    <pose>Unspecified</pose>
    <truncated>0</truncated>
    <difficult>0</difficult>
    <bndbox>
      <xmin>742</xmin>
      <ymin>928</ymin>
      <xmax>757</xmax>
      <ymax>944</ymax>
    </bndbox>
  </object>
  <object>
    <name>varroe</name>
    <pose>Unspecified</pose>
    <truncated>0</truncated>
    <difficult>0</difficult>
    <bndbox>
      <xmin>738</xmin>
      <ymin>942</ymin>
      <xmax>754</xmax>
      <ymax>952</ymax>
    </bndbox>
  </object>
  <object>
    <name>varroe</name>
    <pose>Unspecified</pose>
    <truncated>0</truncated>
    <difficult>0</difficult>
    <bndbox>
      <xmin>730</xmin>
      <ymin>926</ymin>
      <xmax>744</xmax>
      <ymax>946</ymax>
    </bndbox>
  </object>
  <object>
    <name>varroe</name>
    <pose>Unspecified</pose>
    <truncated>0</truncated>
    <difficult>0</difficult>
    <bndbox>
      <xmin>734</xmin>
      <ymin>874</ymin>
      <xmax>750</xmax>
      <ymax>895</ymax>
    </bndbox>
  </object>
  <object>
    <name>varroe</name>
    <pose>Unspecified</pose>
    <truncated>0</truncated>
    <difficult>0</difficult>
    <bndbox>
      <xmin>724</xmin>
      <ymin>881</ymin>
      <xmax>740</xmax>
      <ymax>899</ymax>
    </bndbox>
  </object>
  <object>
    <name>varroe</name>
    <pose>Unspecified</pose>
    <truncated>0</truncated>
    <difficult>0</difficult>
    <bndbox>
      <xmin>749</xmin>
      <ymin>726</ymin>
      <xmax>772</xmax>
      <ymax>746</ymax>
    </bndbox>
  </object>
  <object>
    <name>varroe</name>
    <pose>Unspecified</pose>
    <truncated>0</truncated>
    <difficult>0</difficult>
    <bndbox>
      <xmin>695</xmin>
      <ymin>624</ymin>
      <xmax>717</xmax>
      <ymax>643</ymax>
    </bndbox>
  </object>
  <object>
    <name>varroe</name>
    <pose>Unspecified</pose>
    <truncated>0</truncated>
    <difficult>0</difficult>
    <bndbox>
      <xmin>638</xmin>
      <ymin>633</ymin>
      <xmax>658</xmax>
      <ymax>655</ymax>
    </bndbox>
  </object>
  <object>
    <name>varroe</name>
    <pose>Unspecified</pose>
    <truncated>0</truncated>
    <difficult>0</difficult>
    <bndbox>
      <xmin>250</xmin>
      <ymin>878</ymin>
      <xmax>269</xmax>
      <ymax>892</ymax>
    </bndbox>
  </object>
  <object>
    <name>varroe</name>
    <pose>Unspecified</pose>
    <truncated>0</truncated>
    <difficult>0</difficult>
    <bndbox>
      <xmin>104</xmin>
      <ymin>938</ymin>
      <xmax>121</xmax>
      <ymax>959</ymax>
    </bndbox>
  </object>
  <object>
    <name>varroe</name>
    <pose>Unspecified</pose>
    <truncated>0</truncated>
    <difficult>0</difficult>
    <bndbox>
      <xmin>94</xmin>
      <ymin>970</ymin>
      <xmax>115</xmax>
      <ymax>991</ymax>
    </bndbox>
  </object>
  <object>
    <name>varroe</name>
    <pose>Unspecified</pose>
    <truncated>0</truncated>
    <difficult>0</difficult>
    <bndbox>
      <xmin>235</xmin>
      <ymin>978</ymin>
      <xmax>256</xmax>
      <ymax>1001</ymax>
    </bndbox>
  </object>
  <object>
    <name>varroe</name>
    <pose>Unspecified</pose>
    <truncated>0</truncated>
    <difficult>0</difficult>
    <bndbox>
      <xmin>207</xmin>
      <ymin>948</ymin>
      <xmax>228</xmax>
      <ymax>968</ymax>
    </bndbox>
  </object>
  <object>
    <name>varroe</name>
    <pose>Unspecified</pose>
    <truncated>0</truncated>
    <difficult>0</difficult>
    <bndbox>
      <xmin>207</xmin>
      <ymin>967</ymin>
      <xmax>223</xmax>
      <ymax>983</ymax>
    </bndbox>
  </object>
  <object>
    <name>varroe</name>
    <pose>Unspecified</pose>
    <truncated>0</truncated>
    <difficult>0</difficult>
    <bndbox>
      <xmin>207</xmin>
      <ymin>990</ymin>
      <xmax>227</xmax>
      <ymax>1009</ymax>
    </bndbox>
  </object>
  <object>
    <name>varroe</name>
    <pose>Unspecified</pose>
    <truncated>0</truncated>
    <difficult>0</difficult>
    <bndbox>
      <xmin>185</xmin>
      <ymin>963</ymin>
      <xmax>201</xmax>
      <ymax>986</ymax>
    </bndbox>
  </object>
  <object>
    <name>varroe</name>
    <pose>Unspecified</pose>
    <truncated>0</truncated>
    <difficult>0</difficult>
    <bndbox>
      <xmin>641</xmin>
      <ymin>680</ymin>
      <xmax>658</xmax>
      <ymax>704</ymax>
    </bndbox>
  </object>
  <object>
    <name>varroe</name>
    <pose>Unspecified</pose>
    <truncated>0</truncated>
    <difficult>0</difficult>
    <bndbox>
      <xmin>676</xmin>
      <ymin>677</ymin>
      <xmax>699</xmax>
      <ymax>700</ymax>
    </bndbox>
  </object>
  <object>
    <name>varroe</name>
    <pose>Unspecified</pose>
    <truncated>0</truncated>
    <difficult>0</difficult>
    <bndbox>
      <xmin>705</xmin>
      <ymin>689</ymin>
      <xmax>733</xmax>
      <ymax>711</ymax>
    </bndbox>
  </object>
  <object>
    <name>varroe</name>
    <pose>Unspecified</pose>
    <truncated>0</truncated>
    <difficult>0</difficult>
    <bndbox>
      <xmin>706</xmin>
      <ymin>710</ymin>
      <xmax>732</xmax>
      <ymax>727</ymax>
    </bndbox>
  </object>
  <object>
    <name>varroe</name>
    <pose>Unspecified</pose>
    <truncated>0</truncated>
    <difficult>0</difficult>
    <bndbox>
      <xmin>720</xmin>
      <ymin>953</ymin>
      <xmax>736</xmax>
      <ymax>973</ymax>
    </bndbox>
  </object>
  <object>
    <name>varroe</name>
    <pose>Unspecified</pose>
    <truncated>0</truncated>
    <difficult>0</difficult>
    <bndbox>
      <xmin>677</xmin>
      <ymin>918</ymin>
      <xmax>696</xmax>
      <ymax>940</ymax>
    </bndbox>
  </object>
  <object>
    <name>varroe</name>
    <pose>Unspecified</pose>
    <truncated>0</truncated>
    <difficult>0</difficult>
    <bndbox>
      <xmin>659</xmin>
      <ymin>919</ymin>
      <xmax>676</xmax>
      <ymax>938</ymax>
    </bndbox>
  </object>
  <object>
    <name>varroe</name>
    <pose>Unspecified</pose>
    <truncated>0</truncated>
    <difficult>0</difficult>
    <bndbox>
      <xmin>729</xmin>
      <ymin>740</ymin>
      <xmax>743</xmax>
      <ymax>756</ymax>
    </bndbox>
  </object>
  <object>
    <name>varroe</name>
    <pose>Unspecified</pose>
    <truncated>0</truncated>
    <difficult>0</difficult>
    <bndbox>
      <xmin>720</xmin>
      <ymin>745</ymin>
      <xmax>738</xmax>
      <ymax>763</ymax>
    </bndbox>
  </object>
  <object>
    <name>varroe</name>
    <pose>Unspecified</pose>
    <truncated>0</truncated>
    <difficult>0</difficult>
    <bndbox>
      <xmin>679</xmin>
      <ymin>728</ymin>
      <xmax>696</xmax>
      <ymax>744</ymax>
    </bndbox>
  </object>
  <object>
    <name>varroe</name>
    <pose>Unspecified</pose>
    <truncated>0</truncated>
    <difficult>0</difficult>
    <bndbox>
      <xmin>583</xmin>
      <ymin>723</ymin>
      <xmax>601</xmax>
      <ymax>750</ymax>
    </bndbox>
  </object>
  <object>
    <name>varroe</name>
    <pose>Unspecified</pose>
    <truncated>0</truncated>
    <difficult>0</difficult>
    <bndbox>
      <xmin>605</xmin>
      <ymin>742</ymin>
      <xmax>623</xmax>
      <ymax>762</ymax>
    </bndbox>
  </object>
  <object>
    <name>varroe</name>
    <pose>Unspecified</pose>
    <truncated>0</truncated>
    <difficult>0</difficult>
    <bndbox>
      <xmin>641</xmin>
      <ymin>731</ymin>
      <xmax>663</xmax>
      <ymax>751</ymax>
    </bndbox>
  </object>
  <object>
    <name>varroe</name>
    <pose>Unspecified</pose>
    <truncated>0</truncated>
    <difficult>0</difficult>
    <bndbox>
      <xmin>637</xmin>
      <ymin>755</ymin>
      <xmax>659</xmax>
      <ymax>777</ymax>
    </bndbox>
  </object>
  <object>
    <name>varroe</name>
    <pose>Unspecified</pose>
    <truncated>0</truncated>
    <difficult>0</difficult>
    <bndbox>
      <xmin>731</xmin>
      <ymin>766</ymin>
      <xmax>750</xmax>
      <ymax>785</ymax>
    </bndbox>
  </object>
  <object>
    <name>varroe</name>
    <pose>Unspecified</pose>
    <truncated>0</truncated>
    <difficult>0</difficult>
    <bndbox>
      <xmin>530</xmin>
      <ymin>756</ymin>
      <xmax>552</xmax>
      <ymax>781</ymax>
    </bndbox>
  </object>
  <object>
    <name>varroe</name>
    <pose>Unspecified</pose>
    <truncated>0</truncated>
    <difficult>0</difficult>
    <bndbox>
      <xmin>561</xmin>
      <ymin>818</ymin>
      <xmax>579</xmax>
      <ymax>835</ymax>
    </bndbox>
  </object>
  <object>
    <name>varroe</name>
    <pose>Unspecified</pose>
    <truncated>0</truncated>
    <difficult>0</difficult>
    <bndbox>
      <xmin>615</xmin>
      <ymin>850</ymin>
      <xmax>639</xmax>
      <ymax>872</ymax>
    </bndbox>
  </object>
  <object>
    <name>varroe</name>
    <pose>Unspecified</pose>
    <truncated>0</truncated>
    <difficult>0</difficult>
    <bndbox>
      <xmin>214</xmin>
      <ymin>849</ymin>
      <xmax>238</xmax>
      <ymax>872</ymax>
    </bndbox>
  </object>
  <object>
    <name>varroe</name>
    <pose>Unspecified</pose>
    <truncated>0</truncated>
    <difficult>0</difficult>
    <bndbox>
      <xmin>613</xmin>
      <ymin>874</ymin>
      <xmax>637</xmax>
      <ymax>894</ymax>
    </bndbox>
  </object>
  <object>
    <name>varroe</name>
    <pose>Unspecified</pose>
    <truncated>0</truncated>
    <difficult>0</difficult>
    <bndbox>
      <xmin>634</xmin>
      <ymin>890</ymin>
      <xmax>655</xmax>
      <ymax>910</ymax>
    </bndbox>
  </object>
  <object>
    <name>varroe</name>
    <pose>Unspecified</pose>
    <truncated>0</truncated>
    <difficult>0</difficult>
    <bndbox>
      <xmin>625</xmin>
      <ymin>904</ymin>
      <xmax>645</xmax>
      <ymax>921</ymax>
    </bndbox>
  </object>
  <object>
    <name>varroe</name>
    <pose>Unspecified</pose>
    <truncated>0</truncated>
    <difficult>0</difficult>
    <bndbox>
      <xmin>628</xmin>
      <ymin>923</ymin>
      <xmax>646</xmax>
      <ymax>940</ymax>
    </bndbox>
  </object>
  <object>
    <name>varroe</name>
    <pose>Unspecified</pose>
    <truncated>0</truncated>
    <difficult>0</difficult>
    <bndbox>
      <xmin>647</xmin>
      <ymin>952</ymin>
      <xmax>667</xmax>
      <ymax>975</ymax>
    </bndbox>
  </object>
  <object>
    <name>varroe</name>
    <pose>Unspecified</pose>
    <truncated>0</truncated>
    <difficult>0</difficult>
    <bndbox>
      <xmin>644</xmin>
      <ymin>992</ymin>
      <xmax>667</xmax>
      <ymax>1010</ymax>
    </bndbox>
  </object>
  <object>
    <name>varroe</name>
    <pose>Unspecified</pose>
    <truncated>0</truncated>
    <difficult>0</difficult>
    <bndbox>
      <xmin>639</xmin>
      <ymin>1008</ymin>
      <xmax>662</xmax>
      <ymax>1023</ymax>
    </bndbox>
  </object>
  <object>
    <name>varroe</name>
    <pose>Unspecified</pose>
    <truncated>0</truncated>
    <difficult>0</difficult>
    <bndbox>
      <xmin>601</xmin>
      <ymin>959</ymin>
      <xmax>617</xmax>
      <ymax>981</ymax>
    </bndbox>
  </object>
  <object>
    <name>varroe</name>
    <pose>Unspecified</pose>
    <truncated>0</truncated>
    <difficult>0</difficult>
    <bndbox>
      <xmin>572</xmin>
      <ymin>906</ymin>
      <xmax>593</xmax>
      <ymax>926</ymax>
    </bndbox>
  </object>
  <object>
    <name>varroe</name>
    <pose>Unspecified</pose>
    <truncated>0</truncated>
    <difficult>0</difficult>
    <bndbox>
      <xmin>580</xmin>
      <ymin>985</ymin>
      <xmax>595</xmax>
      <ymax>1003</ymax>
    </bndbox>
  </object>
  <object>
    <name>varroe</name>
    <pose>Unspecified</pose>
    <truncated>0</truncated>
    <difficult>0</difficult>
    <bndbox>
      <xmin>591</xmin>
      <ymin>992</ymin>
      <xmax>609</xmax>
      <ymax>1006</ymax>
    </bndbox>
  </object>
  <object>
    <name>varroe</name>
    <pose>Unspecified</pose>
    <truncated>0</truncated>
    <difficult>0</difficult>
    <bndbox>
      <xmin>592</xmin>
      <ymin>1007</ymin>
      <xmax>611</xmax>
      <ymax>1023</ymax>
    </bndbox>
  </object>
  <object>
    <name>varroe</name>
    <pose>Unspecified</pose>
    <truncated>0</truncated>
    <difficult>0</difficult>
    <bndbox>
      <xmin>529</xmin>
      <ymin>849</ymin>
      <xmax>545</xmax>
      <ymax>869</ymax>
    </bndbox>
  </object>
  <object>
    <name>varroe</name>
    <pose>Unspecified</pose>
    <truncated>0</truncated>
    <difficult>0</difficult>
    <bndbox>
      <xmin>522</xmin>
      <ymin>878</ymin>
      <xmax>542</xmax>
      <ymax>895</ymax>
    </bndbox>
  </object>
  <object>
    <name>varroe</name>
    <pose>Unspecified</pose>
    <truncated>0</truncated>
    <difficult>0</difficult>
    <bndbox>
      <xmin>534</xmin>
      <ymin>930</ymin>
      <xmax>551</xmax>
      <ymax>955</ymax>
    </bndbox>
  </object>
  <object>
    <name>varroe</name>
    <pose>Unspecified</pose>
    <truncated>0</truncated>
    <difficult>0</difficult>
    <bndbox>
      <xmin>554</xmin>
      <ymin>992</ymin>
      <xmax>575</xmax>
      <ymax>1016</ymax>
    </bndbox>
  </object>
  <object>
    <name>varroe</name>
    <pose>Unspecified</pose>
    <truncated>0</truncated>
    <difficult>0</difficult>
    <bndbox>
      <xmin>507</xmin>
      <ymin>932</ymin>
      <xmax>529</xmax>
      <ymax>955</ymax>
    </bndbox>
  </object>
  <object>
    <name>varroe</name>
    <pose>Unspecified</pose>
    <truncated>0</truncated>
    <difficult>0</difficult>
    <bndbox>
      <xmin>498</xmin>
      <ymin>952</ymin>
      <xmax>518</xmax>
      <ymax>975</ymax>
    </bndbox>
  </object>
  <object>
    <name>varroe</name>
    <pose>Unspecified</pose>
    <truncated>0</truncated>
    <difficult>0</difficult>
    <bndbox>
      <xmin>503</xmin>
      <ymin>991</ymin>
      <xmax>527</xmax>
      <ymax>1013</ymax>
    </bndbox>
  </object>
  <object>
    <name>varroe</name>
    <pose>Unspecified</pose>
    <truncated>0</truncated>
    <difficult>0</difficult>
    <bndbox>
      <xmin>508</xmin>
      <ymin>1007</ymin>
      <xmax>529</xmax>
      <ymax>1022</ymax>
    </bndbox>
  </object>
  <object>
    <name>varroe</name>
    <pose>Unspecified</pose>
    <truncated>0</truncated>
    <difficult>0</difficult>
    <bndbox>
      <xmin>457</xmin>
      <ymin>978</ymin>
      <xmax>478</xmax>
      <ymax>1003</ymax>
    </bndbox>
  </object>
  <object>
    <name>varroe</name>
    <pose>Unspecified</pose>
    <truncated>0</truncated>
    <difficult>0</difficult>
    <bndbox>
      <xmin>486</xmin>
      <ymin>861</ymin>
      <xmax>502</xmax>
      <ymax>885</ymax>
    </bndbox>
  </object>
  <object>
    <name>varroe</name>
    <pose>Unspecified</pose>
    <truncated>0</truncated>
    <difficult>0</difficult>
    <bndbox>
      <xmin>463</xmin>
      <ymin>865</ymin>
      <xmax>486</xmax>
      <ymax>886</ymax>
    </bndbox>
  </object>
  <object>
    <name>varroe</name>
    <pose>Unspecified</pose>
    <truncated>0</truncated>
    <difficult>0</difficult>
    <bndbox>
      <xmin>461</xmin>
      <ymin>888</ymin>
      <xmax>480</xmax>
      <ymax>907</ymax>
    </bndbox>
  </object>
  <object>
    <name>varroe</name>
    <pose>Unspecified</pose>
    <truncated>0</truncated>
    <difficult>0</difficult>
    <bndbox>
      <xmin>414</xmin>
      <ymin>881</ymin>
      <xmax>431</xmax>
      <ymax>903</ymax>
    </bndbox>
  </object>
  <object>
    <name>varroe</name>
    <pose>Unspecified</pose>
    <truncated>0</truncated>
    <difficult>0</difficult>
    <bndbox>
      <xmin>444</xmin>
      <ymin>955</ymin>
      <xmax>461</xmax>
      <ymax>975</ymax>
    </bndbox>
  </object>
  <object>
    <name>varroe</name>
    <pose>Unspecified</pose>
    <truncated>0</truncated>
    <difficult>0</difficult>
    <bndbox>
      <xmin>436</xmin>
      <ymin>964</ymin>
      <xmax>451</xmax>
      <ymax>988</ymax>
    </bndbox>
  </object>
  <object>
    <name>varroe</name>
    <pose>Unspecified</pose>
    <truncated>0</truncated>
    <difficult>0</difficult>
    <bndbox>
      <xmin>392</xmin>
      <ymin>884</ymin>
      <xmax>409</xmax>
      <ymax>906</ymax>
    </bndbox>
  </object>
  <object>
    <name>varroe</name>
    <pose>Unspecified</pose>
    <truncated>0</truncated>
    <difficult>0</difficult>
    <bndbox>
      <xmin>391</xmin>
      <ymin>913</ymin>
      <xmax>415</xmax>
      <ymax>929</ymax>
    </bndbox>
  </object>
  <object>
    <name>varroe</name>
    <pose>Unspecified</pose>
    <truncated>0</truncated>
    <difficult>0</difficult>
    <bndbox>
      <xmin>391</xmin>
      <ymin>927</ymin>
      <xmax>418</xmax>
      <ymax>942</ymax>
    </bndbox>
  </object>
  <object>
    <name>varroe</name>
    <pose>Unspecified</pose>
    <truncated>0</truncated>
    <difficult>0</difficult>
    <bndbox>
      <xmin>385</xmin>
      <ymin>952</ymin>
      <xmax>407</xmax>
      <ymax>970</ymax>
    </bndbox>
  </object>
  <object>
    <name>varroe</name>
    <pose>Unspecified</pose>
    <truncated>0</truncated>
    <difficult>0</difficult>
    <bndbox>
      <xmin>365</xmin>
      <ymin>982</ymin>
      <xmax>382</xmax>
      <ymax>1005</ymax>
    </bndbox>
  </object>
  <object>
    <name>varroe</name>
    <pose>Unspecified</pose>
    <truncated>0</truncated>
    <difficult>0</difficult>
    <bndbox>
      <xmin>335</xmin>
      <ymin>935</ymin>
      <xmax>355</xmax>
      <ymax>957</ymax>
    </bndbox>
  </object>
  <object>
    <name>varroe</name>
    <pose>Unspecified</pose>
    <truncated>0</truncated>
    <difficult>0</difficult>
    <bndbox>
      <xmin>367</xmin>
      <ymin>886</ymin>
      <xmax>387</xmax>
      <ymax>904</ymax>
    </bndbox>
  </object>
  <object>
    <name>varroe</name>
    <pose>Unspecified</pose>
    <truncated>0</truncated>
    <difficult>0</difficult>
    <bndbox>
      <xmin>343</xmin>
      <ymin>880</ymin>
      <xmax>363</xmax>
      <ymax>897</ymax>
    </bndbox>
  </object>
  <object>
    <name>varroe</name>
    <pose>Unspecified</pose>
    <truncated>0</truncated>
    <difficult>0</difficult>
    <bndbox>
      <xmin>339</xmin>
      <ymin>895</ymin>
      <xmax>364</xmax>
      <ymax>908</ymax>
    </bndbox>
  </object>
  <object>
    <name>varroe</name>
    <pose>Unspecified</pose>
    <truncated>0</truncated>
    <difficult>0</difficult>
    <bndbox>
      <xmin>300</xmin>
      <ymin>999</ymin>
      <xmax>319</xmax>
      <ymax>1016</ymax>
    </bndbox>
  </object>
  <object>
    <name>varroe</name>
    <pose>Unspecified</pose>
    <truncated>0</truncated>
    <difficult>0</difficult>
    <bndbox>
      <xmin>324</xmin>
      <ymin>1009</ymin>
      <xmax>335</xmax>
      <ymax>1023</ymax>
    </bndbox>
  </object>
  <object>
    <name>varroe</name>
    <pose>Unspecified</pose>
    <truncated>0</truncated>
    <difficult>0</difficult>
    <bndbox>
      <xmin>337</xmin>
      <ymin>1014</ymin>
      <xmax>351</xmax>
      <ymax>1023</ymax>
    </bndbox>
  </object>
</annotation>
