<annotation>
  <folder>input</folder>
  <filename>13_crop1.jpg</filename>
  <path>D:\FAKS\DIPLOMSKI_RAD\OpenLabeling-master\OpenLabeling-master\main\input\13_crop1.jpg</path>
  <source>
    <database>Unknown</database>
  </source>
  <size>
    <width>1024</width>
    <height>1024</height>
    <depth>3</depth>
  </size>
  <segmented>0</segmented>
  <object>
    <name>varroe</name>
    <pose>Unspecified</pose>
    <truncated>0</truncated>
    <difficult>0</difficult>
    <bndbox>
      <xmin>568</xmin>
      <ymin>395</ymin>
      <xmax>600</xmax>
      <ymax>432</ymax>
    </bndbox>
  </object>
  <object>
    <name>varroe</name>
    <pose>Unspecified</pose>
    <truncated>0</truncated>
    <difficult>0</difficult>
    <bndbox>
      <xmin>861</xmin>
      <ymin>556</ymin>
      <xmax>879</xmax>
      <ymax>579</ymax>
    </bndbox>
  </object>
  <object>
    <name>varroe</name>
    <pose>Unspecified</pose>
    <truncated>0</truncated>
    <difficult>0</difficult>
    <bndbox>
      <xmin>582</xmin>
      <ymin>390</ymin>
      <xmax>600</xmax>
      <ymax>420</ymax>
    </bndbox>
  </object>
  <object>
    <name>varroe</name>
    <pose>Unspecified</pose>
    <truncated>0</truncated>
    <difficult>0</difficult>
    <bndbox>
      <xmin>561</xmin>
      <ymin>316</ymin>
      <xmax>647</xmax>
      <ymax>334</ymax>
    </bndbox>
  </object>
  <object>
    <name>varroe</name>
    <pose>Unspecified</pose>
    <truncated>0</truncated>
    <difficult>0</difficult>
    <bndbox>
      <xmin>698</xmin>
      <ymin>435</ymin>
      <xmax>701</xmax>
      <ymax>524</ymax>
    </bndbox>
  </object>
  <object>
    <name>varroe</name>
    <pose>Unspecified</pose>
    <truncated>0</truncated>
    <difficult>0</difficult>
    <bndbox>
      <xmin>458</xmin>
      <ymin>517</ymin>
      <xmax>615</xmax>
      <ymax>534</ymax>
    </bndbox>
  </object>
  <object>
    <name>varroe</name>
    <pose>Unspecified</pose>
    <truncated>0</truncated>
    <difficult>0</difficult>
    <bndbox>
      <xmin>373</xmin>
      <ymin>680</ymin>
      <xmax>510</xmax>
      <ymax>799</ymax>
    </bndbox>
  </object>
  <object>
    <name>varroe</name>
    <pose>Unspecified</pose>
    <truncated>0</truncated>
    <difficult>0</difficult>
    <bndbox>
      <xmin>862</xmin>
      <ymin>559</ymin>
      <xmax>879</xmax>
      <ymax>578</ymax>
    </bndbox>
  </object>
  <object>
    <name>varroe</name>
    <pose>Unspecified</pose>
    <truncated>0</truncated>
    <difficult>0</difficult>
    <bndbox>
      <xmin>992</xmin>
      <ymin>989</ymin>
      <xmax>1010</xmax>
      <ymax>1007</ymax>
    </bndbox>
  </object>
  <object>
    <name>varroe</name>
    <pose>Unspecified</pose>
    <truncated>0</truncated>
    <difficult>0</difficult>
    <bndbox>
      <xmin>573</xmin>
      <ymin>402</ymin>
      <xmax>596</xmax>
      <ymax>424</ymax>
    </bndbox>
  </object>
  <object>
    <name>varroe</name>
    <pose>Unspecified</pose>
    <truncated>0</truncated>
    <difficult>0</difficult>
    <bndbox>
      <xmin>67</xmin>
      <ymin>469</ymin>
      <xmax>84</xmax>
      <ymax>494</ymax>
    </bndbox>
  </object>
</annotation>
