<annotation>
  <folder>input</folder>
  <filename>29_crop7.jpg</filename>
  <path>D:\FAKS\DIPLOMSKI_RAD\OpenLabeling-master\OpenLabeling-master\main\input\29_crop7.jpg</path>
  <source>
    <database>Unknown</database>
  </source>
  <size>
    <width>1024</width>
    <height>1024</height>
    <depth>3</depth>
  </size>
  <segmented>0</segmented>
  <object>
    <name>varroa</name>
    <pose>Unspecified</pose>
    <truncated>0</truncated>
    <difficult>0</difficult>
    <bndbox>
      <xmin>934</xmin>
      <ymin>6</ymin>
      <xmax>949</xmax>
      <ymax>25</ymax>
    </bndbox>
  </object>
  <object>
    <name>varroa</name>
    <pose>Unspecified</pose>
    <truncated>0</truncated>
    <difficult>0</difficult>
    <bndbox>
      <xmin>887</xmin>
      <ymin>7</ymin>
      <xmax>903</xmax>
      <ymax>24</ymax>
    </bndbox>
  </object>
  <object>
    <name>varroa</name>
    <pose>Unspecified</pose>
    <truncated>0</truncated>
    <difficult>0</difficult>
    <bndbox>
      <xmin>972</xmin>
      <ymin>115</ymin>
      <xmax>991</xmax>
      <ymax>132</ymax>
    </bndbox>
  </object>
  <object>
    <name>varroa</name>
    <pose>Unspecified</pose>
    <truncated>0</truncated>
    <difficult>0</difficult>
    <bndbox>
      <xmin>963</xmin>
      <ymin>111</ymin>
      <xmax>978</xmax>
      <ymax>126</ymax>
    </bndbox>
  </object>
  <object>
    <name>varroa</name>
    <pose>Unspecified</pose>
    <truncated>0</truncated>
    <difficult>0</difficult>
    <bndbox>
      <xmin>949</xmin>
      <ymin>106</ymin>
      <xmax>962</xmax>
      <ymax>121</ymax>
    </bndbox>
  </object>
  <object>
    <name>varroa</name>
    <pose>Unspecified</pose>
    <truncated>0</truncated>
    <difficult>0</difficult>
    <bndbox>
      <xmin>966</xmin>
      <ymin>128</ymin>
      <xmax>981</xmax>
      <ymax>145</ymax>
    </bndbox>
  </object>
  <object>
    <name>varroa</name>
    <pose>Unspecified</pose>
    <truncated>0</truncated>
    <difficult>0</difficult>
    <bndbox>
      <xmin>959</xmin>
      <ymin>153</ymin>
      <xmax>973</xmax>
      <ymax>173</ymax>
    </bndbox>
  </object>
  <object>
    <name>varroa</name>
    <pose>Unspecified</pose>
    <truncated>0</truncated>
    <difficult>0</difficult>
    <bndbox>
      <xmin>971</xmin>
      <ymin>175</ymin>
      <xmax>988</xmax>
      <ymax>196</ymax>
    </bndbox>
  </object>
  <object>
    <name>varroa</name>
    <pose>Unspecified</pose>
    <truncated>0</truncated>
    <difficult>0</difficult>
    <bndbox>
      <xmin>899</xmin>
      <ymin>51</ymin>
      <xmax>913</xmax>
      <ymax>65</ymax>
    </bndbox>
  </object>
  <object>
    <name>varroa</name>
    <pose>Unspecified</pose>
    <truncated>0</truncated>
    <difficult>0</difficult>
    <bndbox>
      <xmin>900</xmin>
      <ymin>69</ymin>
      <xmax>913</xmax>
      <ymax>84</ymax>
    </bndbox>
  </object>
  <object>
    <name>varroa</name>
    <pose>Unspecified</pose>
    <truncated>0</truncated>
    <difficult>0</difficult>
    <bndbox>
      <xmin>905</xmin>
      <ymin>82</ymin>
      <xmax>922</xmax>
      <ymax>96</ymax>
    </bndbox>
  </object>
  <object>
    <name>varroa</name>
    <pose>Unspecified</pose>
    <truncated>0</truncated>
    <difficult>0</difficult>
    <bndbox>
      <xmin>899</xmin>
      <ymin>92</ymin>
      <xmax>915</xmax>
      <ymax>105</ymax>
    </bndbox>
  </object>
  <object>
    <name>varroa</name>
    <pose>Unspecified</pose>
    <truncated>0</truncated>
    <difficult>0</difficult>
    <bndbox>
      <xmin>914</xmin>
      <ymin>189</ymin>
      <xmax>934</xmax>
      <ymax>208</ymax>
    </bndbox>
  </object>
  <object>
    <name>varroa</name>
    <pose>Unspecified</pose>
    <truncated>0</truncated>
    <difficult>0</difficult>
    <bndbox>
      <xmin>892</xmin>
      <ymin>248</ymin>
      <xmax>907</xmax>
      <ymax>268</ymax>
    </bndbox>
  </object>
  <object>
    <name>varroa</name>
    <pose>Unspecified</pose>
    <truncated>0</truncated>
    <difficult>0</difficult>
    <bndbox>
      <xmin>967</xmin>
      <ymin>320</ymin>
      <xmax>983</xmax>
      <ymax>337</ymax>
    </bndbox>
  </object>
  <object>
    <name>varroa</name>
    <pose>Unspecified</pose>
    <truncated>0</truncated>
    <difficult>0</difficult>
    <bndbox>
      <xmin>895</xmin>
      <ymin>393</ymin>
      <xmax>909</xmax>
      <ymax>411</ymax>
    </bndbox>
  </object>
  <object>
    <name>varroa</name>
    <pose>Unspecified</pose>
    <truncated>0</truncated>
    <difficult>0</difficult>
    <bndbox>
      <xmin>849</xmin>
      <ymin>395</ymin>
      <xmax>866</xmax>
      <ymax>417</ymax>
    </bndbox>
  </object>
  <object>
    <name>varroa</name>
    <pose>Unspecified</pose>
    <truncated>0</truncated>
    <difficult>0</difficult>
    <bndbox>
      <xmin>727</xmin>
      <ymin>473</ymin>
      <xmax>746</xmax>
      <ymax>495</ymax>
    </bndbox>
  </object>
  <object>
    <name>varroa</name>
    <pose>Unspecified</pose>
    <truncated>0</truncated>
    <difficult>0</difficult>
    <bndbox>
      <xmin>475</xmin>
      <ymin>808</ymin>
      <xmax>495</xmax>
      <ymax>829</ymax>
    </bndbox>
  </object>
  <object>
    <name>varroa</name>
    <pose>Unspecified</pose>
    <truncated>0</truncated>
    <difficult>0</difficult>
    <bndbox>
      <xmin>218</xmin>
      <ymin>906</ymin>
      <xmax>234</xmax>
      <ymax>924</ymax>
    </bndbox>
  </object>
  <object>
    <name>varroa</name>
    <pose>Unspecified</pose>
    <truncated>0</truncated>
    <difficult>0</difficult>
    <bndbox>
      <xmin>4</xmin>
      <ymin>665</ymin>
      <xmax>19</xmax>
      <ymax>685</ymax>
    </bndbox>
  </object>
  <object>
    <name>varroa</name>
    <pose>Unspecified</pose>
    <truncated>0</truncated>
    <difficult>0</difficult>
    <bndbox>
      <xmin>681</xmin>
      <ymin>348</ymin>
      <xmax>699</xmax>
      <ymax>367</ymax>
    </bndbox>
  </object>
  <object>
    <name>varroa</name>
    <pose>Unspecified</pose>
    <truncated>0</truncated>
    <difficult>0</difficult>
    <bndbox>
      <xmin>570</xmin>
      <ymin>400</ymin>
      <xmax>586</xmax>
      <ymax>416</ymax>
    </bndbox>
  </object>
  <object>
    <name>varroa</name>
    <pose>Unspecified</pose>
    <truncated>0</truncated>
    <difficult>0</difficult>
    <bndbox>
      <xmin>539</xmin>
      <ymin>419</ymin>
      <xmax>556</xmax>
      <ymax>442</ymax>
    </bndbox>
  </object>
  <object>
    <name>varroa</name>
    <pose>Unspecified</pose>
    <truncated>0</truncated>
    <difficult>0</difficult>
    <bndbox>
      <xmin>437</xmin>
      <ymin>324</ymin>
      <xmax>454</xmax>
      <ymax>341</ymax>
    </bndbox>
  </object>
  <object>
    <name>varroa</name>
    <pose>Unspecified</pose>
    <truncated>0</truncated>
    <difficult>0</difficult>
    <bndbox>
      <xmin>342</xmin>
      <ymin>446</ymin>
      <xmax>361</xmax>
      <ymax>470</ymax>
    </bndbox>
  </object>
  <object>
    <name>varroa</name>
    <pose>Unspecified</pose>
    <truncated>0</truncated>
    <difficult>0</difficult>
    <bndbox>
      <xmin>313</xmin>
      <ymin>409</ymin>
      <xmax>337</xmax>
      <ymax>430</ymax>
    </bndbox>
  </object>
  <object>
    <name>varroa</name>
    <pose>Unspecified</pose>
    <truncated>0</truncated>
    <difficult>0</difficult>
    <bndbox>
      <xmin>240</xmin>
      <ymin>550</ymin>
      <xmax>257</xmax>
      <ymax>571</ymax>
    </bndbox>
  </object>
  <object>
    <name>varroa</name>
    <pose>Unspecified</pose>
    <truncated>0</truncated>
    <difficult>0</difficult>
    <bndbox>
      <xmin>167</xmin>
      <ymin>516</ymin>
      <xmax>186</xmax>
      <ymax>540</ymax>
    </bndbox>
  </object>
  <object>
    <name>varroa</name>
    <pose>Unspecified</pose>
    <truncated>0</truncated>
    <difficult>0</difficult>
    <bndbox>
      <xmin>187</xmin>
      <ymin>457</ymin>
      <xmax>200</xmax>
      <ymax>476</ymax>
    </bndbox>
  </object>
  <object>
    <name>varroa</name>
    <pose>Unspecified</pose>
    <truncated>0</truncated>
    <difficult>0</difficult>
    <bndbox>
      <xmin>173</xmin>
      <ymin>461</ymin>
      <xmax>188</xmax>
      <ymax>474</ymax>
    </bndbox>
  </object>
  <object>
    <name>varroa</name>
    <pose>Unspecified</pose>
    <truncated>0</truncated>
    <difficult>0</difficult>
    <bndbox>
      <xmin>76</xmin>
      <ymin>446</ymin>
      <xmax>90</xmax>
      <ymax>470</ymax>
    </bndbox>
  </object>
  <object>
    <name>varroa</name>
    <pose>Unspecified</pose>
    <truncated>0</truncated>
    <difficult>0</difficult>
    <bndbox>
      <xmin>10</xmin>
      <ymin>382</ymin>
      <xmax>27</xmax>
      <ymax>400</ymax>
    </bndbox>
  </object>
  <object>
    <name>varroa</name>
    <pose>Unspecified</pose>
    <truncated>0</truncated>
    <difficult>0</difficult>
    <bndbox>
      <xmin>18</xmin>
      <ymin>281</ymin>
      <xmax>33</xmax>
      <ymax>300</ymax>
    </bndbox>
  </object>
  <object>
    <name>varroa</name>
    <pose>Unspecified</pose>
    <truncated>0</truncated>
    <difficult>0</difficult>
    <bndbox>
      <xmin>180</xmin>
      <ymin>83</ymin>
      <xmax>197</xmax>
      <ymax>101</ymax>
    </bndbox>
  </object>
  <object>
    <name>varroa</name>
    <pose>Unspecified</pose>
    <truncated>0</truncated>
    <difficult>0</difficult>
    <bndbox>
      <xmin>155</xmin>
      <ymin>66</ymin>
      <xmax>174</xmax>
      <ymax>87</ymax>
    </bndbox>
  </object>
  <object>
    <name>varroa</name>
    <pose>Unspecified</pose>
    <truncated>0</truncated>
    <difficult>0</difficult>
    <bndbox>
      <xmin>145</xmin>
      <ymin>98</ymin>
      <xmax>159</xmax>
      <ymax>116</ymax>
    </bndbox>
  </object>
  <object>
    <name>varroa</name>
    <pose>Unspecified</pose>
    <truncated>0</truncated>
    <difficult>0</difficult>
    <bndbox>
      <xmin>110</xmin>
      <ymin>53</ymin>
      <xmax>128</xmax>
      <ymax>78</ymax>
    </bndbox>
  </object>
  <object>
    <name>varroa</name>
    <pose>Unspecified</pose>
    <truncated>0</truncated>
    <difficult>0</difficult>
    <bndbox>
      <xmin>70</xmin>
      <ymin>121</ymin>
      <xmax>86</xmax>
      <ymax>145</ymax>
    </bndbox>
  </object>
  <object>
    <name>varroa</name>
    <pose>Unspecified</pose>
    <truncated>0</truncated>
    <difficult>0</difficult>
    <bndbox>
      <xmin>837</xmin>
      <ymin>5</ymin>
      <xmax>855</xmax>
      <ymax>21</ymax>
    </bndbox>
  </object>
  <object>
    <name>varroa</name>
    <pose>Unspecified</pose>
    <truncated>0</truncated>
    <difficult>0</difficult>
    <bndbox>
      <xmin>814</xmin>
      <ymin>21</ymin>
      <xmax>833</xmax>
      <ymax>45</ymax>
    </bndbox>
  </object>
  <object>
    <name>varroa</name>
    <pose>Unspecified</pose>
    <truncated>0</truncated>
    <difficult>0</difficult>
    <bndbox>
      <xmin>833</xmin>
      <ymin>93</ymin>
      <xmax>849</xmax>
      <ymax>114</ymax>
    </bndbox>
  </object>
  <object>
    <name>varroa</name>
    <pose>Unspecified</pose>
    <truncated>0</truncated>
    <difficult>0</difficult>
    <bndbox>
      <xmin>860</xmin>
      <ymin>136</ymin>
      <xmax>876</xmax>
      <ymax>159</ymax>
    </bndbox>
  </object>
  <object>
    <name>varroa</name>
    <pose>Unspecified</pose>
    <truncated>0</truncated>
    <difficult>0</difficult>
    <bndbox>
      <xmin>833</xmin>
      <ymin>137</ymin>
      <xmax>849</xmax>
      <ymax>156</ymax>
    </bndbox>
  </object>
  <object>
    <name>varroa</name>
    <pose>Unspecified</pose>
    <truncated>0</truncated>
    <difficult>0</difficult>
    <bndbox>
      <xmin>819</xmin>
      <ymin>135</ymin>
      <xmax>835</xmax>
      <ymax>149</ymax>
    </bndbox>
  </object>
  <object>
    <name>varroa</name>
    <pose>Unspecified</pose>
    <truncated>0</truncated>
    <difficult>0</difficult>
    <bndbox>
      <xmin>819</xmin>
      <ymin>184</ymin>
      <xmax>837</xmax>
      <ymax>201</ymax>
    </bndbox>
  </object>
  <object>
    <name>varroa</name>
    <pose>Unspecified</pose>
    <truncated>0</truncated>
    <difficult>0</difficult>
    <bndbox>
      <xmin>817</xmin>
      <ymin>198</ymin>
      <xmax>831</xmax>
      <ymax>216</ymax>
    </bndbox>
  </object>
  <object>
    <name>varroa</name>
    <pose>Unspecified</pose>
    <truncated>0</truncated>
    <difficult>0</difficult>
    <bndbox>
      <xmin>801</xmin>
      <ymin>255</ymin>
      <xmax>819</xmax>
      <ymax>275</ymax>
    </bndbox>
  </object>
  <object>
    <name>varroa</name>
    <pose>Unspecified</pose>
    <truncated>0</truncated>
    <difficult>0</difficult>
    <bndbox>
      <xmin>805</xmin>
      <ymin>72</ymin>
      <xmax>822</xmax>
      <ymax>88</ymax>
    </bndbox>
  </object>
  <object>
    <name>varroa</name>
    <pose>Unspecified</pose>
    <truncated>0</truncated>
    <difficult>0</difficult>
    <bndbox>
      <xmin>764</xmin>
      <ymin>65</ymin>
      <xmax>781</xmax>
      <ymax>83</ymax>
    </bndbox>
  </object>
  <object>
    <name>varroa</name>
    <pose>Unspecified</pose>
    <truncated>0</truncated>
    <difficult>0</difficult>
    <bndbox>
      <xmin>734</xmin>
      <ymin>111</ymin>
      <xmax>753</xmax>
      <ymax>127</ymax>
    </bndbox>
  </object>
  <object>
    <name>varroa</name>
    <pose>Unspecified</pose>
    <truncated>0</truncated>
    <difficult>0</difficult>
    <bndbox>
      <xmin>741</xmin>
      <ymin>146</ymin>
      <xmax>756</xmax>
      <ymax>163</ymax>
    </bndbox>
  </object>
  <object>
    <name>varroa</name>
    <pose>Unspecified</pose>
    <truncated>0</truncated>
    <difficult>0</difficult>
    <bndbox>
      <xmin>727</xmin>
      <ymin>137</ymin>
      <xmax>741</xmax>
      <ymax>152</ymax>
    </bndbox>
  </object>
  <object>
    <name>varroa</name>
    <pose>Unspecified</pose>
    <truncated>0</truncated>
    <difficult>0</difficult>
    <bndbox>
      <xmin>715</xmin>
      <ymin>143</ymin>
      <xmax>729</xmax>
      <ymax>160</ymax>
    </bndbox>
  </object>
  <object>
    <name>varroa</name>
    <pose>Unspecified</pose>
    <truncated>0</truncated>
    <difficult>0</difficult>
    <bndbox>
      <xmin>703</xmin>
      <ymin>229</ymin>
      <xmax>722</xmax>
      <ymax>242</ymax>
    </bndbox>
  </object>
  <object>
    <name>varroa</name>
    <pose>Unspecified</pose>
    <truncated>0</truncated>
    <difficult>0</difficult>
    <bndbox>
      <xmin>683</xmin>
      <ymin>164</ymin>
      <xmax>702</xmax>
      <ymax>181</ymax>
    </bndbox>
  </object>
  <object>
    <name>varroa</name>
    <pose>Unspecified</pose>
    <truncated>0</truncated>
    <difficult>0</difficult>
    <bndbox>
      <xmin>706</xmin>
      <ymin>17</ymin>
      <xmax>725</xmax>
      <ymax>36</ymax>
    </bndbox>
  </object>
  <object>
    <name>varroa</name>
    <pose>Unspecified</pose>
    <truncated>0</truncated>
    <difficult>0</difficult>
    <bndbox>
      <xmin>712</xmin>
      <ymin>45</ymin>
      <xmax>730</xmax>
      <ymax>61</ymax>
    </bndbox>
  </object>
  <object>
    <name>varroa</name>
    <pose>Unspecified</pose>
    <truncated>0</truncated>
    <difficult>0</difficult>
    <bndbox>
      <xmin>659</xmin>
      <ymin>19</ymin>
      <xmax>678</xmax>
      <ymax>36</ymax>
    </bndbox>
  </object>
  <object>
    <name>varroa</name>
    <pose>Unspecified</pose>
    <truncated>0</truncated>
    <difficult>0</difficult>
    <bndbox>
      <xmin>634</xmin>
      <ymin>35</ymin>
      <xmax>653</xmax>
      <ymax>51</ymax>
    </bndbox>
  </object>
  <object>
    <name>varroa</name>
    <pose>Unspecified</pose>
    <truncated>0</truncated>
    <difficult>0</difficult>
    <bndbox>
      <xmin>661</xmin>
      <ymin>120</ymin>
      <xmax>679</xmax>
      <ymax>140</ymax>
    </bndbox>
  </object>
  <object>
    <name>varroa</name>
    <pose>Unspecified</pose>
    <truncated>0</truncated>
    <difficult>0</difficult>
    <bndbox>
      <xmin>639</xmin>
      <ymin>80</ymin>
      <xmax>660</xmax>
      <ymax>96</ymax>
    </bndbox>
  </object>
  <object>
    <name>varroa</name>
    <pose>Unspecified</pose>
    <truncated>0</truncated>
    <difficult>0</difficult>
    <bndbox>
      <xmin>640</xmin>
      <ymin>97</ymin>
      <xmax>659</xmax>
      <ymax>111</ymax>
    </bndbox>
  </object>
  <object>
    <name>varroa</name>
    <pose>Unspecified</pose>
    <truncated>0</truncated>
    <difficult>0</difficult>
    <bndbox>
      <xmin>644</xmin>
      <ymin>145</ymin>
      <xmax>661</xmax>
      <ymax>162</ymax>
    </bndbox>
  </object>
  <object>
    <name>varroa</name>
    <pose>Unspecified</pose>
    <truncated>0</truncated>
    <difficult>0</difficult>
    <bndbox>
      <xmin>619</xmin>
      <ymin>181</ymin>
      <xmax>641</xmax>
      <ymax>201</ymax>
    </bndbox>
  </object>
  <object>
    <name>varroa</name>
    <pose>Unspecified</pose>
    <truncated>0</truncated>
    <difficult>0</difficult>
    <bndbox>
      <xmin>614</xmin>
      <ymin>202</ymin>
      <xmax>630</xmax>
      <ymax>222</ymax>
    </bndbox>
  </object>
  <object>
    <name>varroa</name>
    <pose>Unspecified</pose>
    <truncated>0</truncated>
    <difficult>0</difficult>
    <bndbox>
      <xmin>590</xmin>
      <ymin>252</ymin>
      <xmax>609</xmax>
      <ymax>272</ymax>
    </bndbox>
  </object>
  <object>
    <name>varroa</name>
    <pose>Unspecified</pose>
    <truncated>0</truncated>
    <difficult>0</difficult>
    <bndbox>
      <xmin>611</xmin>
      <ymin>6</ymin>
      <xmax>625</xmax>
      <ymax>21</ymax>
    </bndbox>
  </object>
  <object>
    <name>varroa</name>
    <pose>Unspecified</pose>
    <truncated>0</truncated>
    <difficult>0</difficult>
    <bndbox>
      <xmin>599</xmin>
      <ymin>3</ymin>
      <xmax>612</xmax>
      <ymax>20</ymax>
    </bndbox>
  </object>
  <object>
    <name>varroa</name>
    <pose>Unspecified</pose>
    <truncated>0</truncated>
    <difficult>0</difficult>
    <bndbox>
      <xmin>580</xmin>
      <ymin>0</ymin>
      <xmax>596</xmax>
      <ymax>7</ymax>
    </bndbox>
  </object>
  <object>
    <name>varroa</name>
    <pose>Unspecified</pose>
    <truncated>0</truncated>
    <difficult>0</difficult>
    <bndbox>
      <xmin>562</xmin>
      <ymin>106</ymin>
      <xmax>581</xmax>
      <ymax>120</ymax>
    </bndbox>
  </object>
  <object>
    <name>varroa</name>
    <pose>Unspecified</pose>
    <truncated>0</truncated>
    <difficult>0</difficult>
    <bndbox>
      <xmin>559</xmin>
      <ymin>121</ymin>
      <xmax>575</xmax>
      <ymax>138</ymax>
    </bndbox>
  </object>
  <object>
    <name>varroa</name>
    <pose>Unspecified</pose>
    <truncated>0</truncated>
    <difficult>0</difficult>
    <bndbox>
      <xmin>562</xmin>
      <ymin>162</ymin>
      <xmax>577</xmax>
      <ymax>180</ymax>
    </bndbox>
  </object>
  <object>
    <name>varroa</name>
    <pose>Unspecified</pose>
    <truncated>0</truncated>
    <difficult>0</difficult>
    <bndbox>
      <xmin>541</xmin>
      <ymin>177</ymin>
      <xmax>556</xmax>
      <ymax>195</ymax>
    </bndbox>
  </object>
  <object>
    <name>varroa</name>
    <pose>Unspecified</pose>
    <truncated>0</truncated>
    <difficult>0</difficult>
    <bndbox>
      <xmin>533</xmin>
      <ymin>111</ymin>
      <xmax>550</xmax>
      <ymax>134</ymax>
    </bndbox>
  </object>
  <object>
    <name>varroa</name>
    <pose>Unspecified</pose>
    <truncated>0</truncated>
    <difficult>0</difficult>
    <bndbox>
      <xmin>434</xmin>
      <ymin>27</ymin>
      <xmax>449</xmax>
      <ymax>49</ymax>
    </bndbox>
  </object>
  <object>
    <name>varroa</name>
    <pose>Unspecified</pose>
    <truncated>0</truncated>
    <difficult>0</difficult>
    <bndbox>
      <xmin>434</xmin>
      <ymin>95</ymin>
      <xmax>454</xmax>
      <ymax>116</ymax>
    </bndbox>
  </object>
  <object>
    <name>varroa</name>
    <pose>Unspecified</pose>
    <truncated>0</truncated>
    <difficult>0</difficult>
    <bndbox>
      <xmin>494</xmin>
      <ymin>190</ymin>
      <xmax>510</xmax>
      <ymax>209</ymax>
    </bndbox>
  </object>
  <object>
    <name>varroa</name>
    <pose>Unspecified</pose>
    <truncated>0</truncated>
    <difficult>0</difficult>
    <bndbox>
      <xmin>468</xmin>
      <ymin>267</ymin>
      <xmax>486</xmax>
      <ymax>287</ymax>
    </bndbox>
  </object>
  <object>
    <name>varroa</name>
    <pose>Unspecified</pose>
    <truncated>0</truncated>
    <difficult>0</difficult>
    <bndbox>
      <xmin>449</xmin>
      <ymin>162</ymin>
      <xmax>462</xmax>
      <ymax>185</ymax>
    </bndbox>
  </object>
  <object>
    <name>varroa</name>
    <pose>Unspecified</pose>
    <truncated>0</truncated>
    <difficult>0</difficult>
    <bndbox>
      <xmin>425</xmin>
      <ymin>165</ymin>
      <xmax>443</xmax>
      <ymax>190</ymax>
    </bndbox>
  </object>
  <object>
    <name>varroa</name>
    <pose>Unspecified</pose>
    <truncated>0</truncated>
    <difficult>0</difficult>
    <bndbox>
      <xmin>428</xmin>
      <ymin>199</ymin>
      <xmax>447</xmax>
      <ymax>219</ymax>
    </bndbox>
  </object>
  <object>
    <name>varroa</name>
    <pose>Unspecified</pose>
    <truncated>0</truncated>
    <difficult>0</difficult>
    <bndbox>
      <xmin>404</xmin>
      <ymin>207</ymin>
      <xmax>426</xmax>
      <ymax>229</ymax>
    </bndbox>
  </object>
  <object>
    <name>varroa</name>
    <pose>Unspecified</pose>
    <truncated>0</truncated>
    <difficult>0</difficult>
    <bndbox>
      <xmin>389</xmin>
      <ymin>168</ymin>
      <xmax>409</xmax>
      <ymax>194</ymax>
    </bndbox>
  </object>
  <object>
    <name>varroa</name>
    <pose>Unspecified</pose>
    <truncated>0</truncated>
    <difficult>0</difficult>
    <bndbox>
      <xmin>392</xmin>
      <ymin>1</ymin>
      <xmax>406</xmax>
      <ymax>13</ymax>
    </bndbox>
  </object>
  <object>
    <name>varroa</name>
    <pose>Unspecified</pose>
    <truncated>0</truncated>
    <difficult>0</difficult>
    <bndbox>
      <xmin>391</xmin>
      <ymin>28</ymin>
      <xmax>412</xmax>
      <ymax>47</ymax>
    </bndbox>
  </object>
  <object>
    <name>varroa</name>
    <pose>Unspecified</pose>
    <truncated>0</truncated>
    <difficult>0</difficult>
    <bndbox>
      <xmin>411</xmin>
      <ymin>78</ymin>
      <xmax>427</xmax>
      <ymax>96</ymax>
    </bndbox>
  </object>
  <object>
    <name>varroa</name>
    <pose>Unspecified</pose>
    <truncated>0</truncated>
    <difficult>0</difficult>
    <bndbox>
      <xmin>405</xmin>
      <ymin>92</ymin>
      <xmax>421</xmax>
      <ymax>111</ymax>
    </bndbox>
  </object>
  <object>
    <name>varroa</name>
    <pose>Unspecified</pose>
    <truncated>0</truncated>
    <difficult>0</difficult>
    <bndbox>
      <xmin>401</xmin>
      <ymin>114</ymin>
      <xmax>418</xmax>
      <ymax>132</ymax>
    </bndbox>
  </object>
  <object>
    <name>varroa</name>
    <pose>Unspecified</pose>
    <truncated>0</truncated>
    <difficult>0</difficult>
    <bndbox>
      <xmin>402</xmin>
      <ymin>127</ymin>
      <xmax>414</xmax>
      <ymax>146</ymax>
    </bndbox>
  </object>
  <object>
    <name>varroa</name>
    <pose>Unspecified</pose>
    <truncated>0</truncated>
    <difficult>0</difficult>
    <bndbox>
      <xmin>379</xmin>
      <ymin>123</ymin>
      <xmax>395</xmax>
      <ymax>140</ymax>
    </bndbox>
  </object>
  <object>
    <name>varroa</name>
    <pose>Unspecified</pose>
    <truncated>0</truncated>
    <difficult>0</difficult>
    <bndbox>
      <xmin>350</xmin>
      <ymin>39</ymin>
      <xmax>365</xmax>
      <ymax>61</ymax>
    </bndbox>
  </object>
  <object>
    <name>varroa</name>
    <pose>Unspecified</pose>
    <truncated>0</truncated>
    <difficult>0</difficult>
    <bndbox>
      <xmin>308</xmin>
      <ymin>119</ymin>
      <xmax>323</xmax>
      <ymax>142</ymax>
    </bndbox>
  </object>
  <object>
    <name>varroa</name>
    <pose>Unspecified</pose>
    <truncated>0</truncated>
    <difficult>0</difficult>
    <bndbox>
      <xmin>317</xmin>
      <ymin>139</ymin>
      <xmax>334</xmax>
      <ymax>157</ymax>
    </bndbox>
  </object>
  <object>
    <name>varroa</name>
    <pose>Unspecified</pose>
    <truncated>0</truncated>
    <difficult>0</difficult>
    <bndbox>
      <xmin>314</xmin>
      <ymin>169</ymin>
      <xmax>327</xmax>
      <ymax>189</ymax>
    </bndbox>
  </object>
  <object>
    <name>varroa</name>
    <pose>Unspecified</pose>
    <truncated>0</truncated>
    <difficult>0</difficult>
    <bndbox>
      <xmin>323</xmin>
      <ymin>232</ymin>
      <xmax>340</xmax>
      <ymax>255</ymax>
    </bndbox>
  </object>
  <object>
    <name>varroa</name>
    <pose>Unspecified</pose>
    <truncated>0</truncated>
    <difficult>0</difficult>
    <bndbox>
      <xmin>193</xmin>
      <ymin>362</ymin>
      <xmax>209</xmax>
      <ymax>382</ymax>
    </bndbox>
  </object>
</annotation>
