<annotation>
  <folder>input</folder>
  <filename>31_crop1.jpg</filename>
  <path>D:\FAKS\DIPLOMSKI_RAD\OpenLabeling-master\OpenLabeling-master\main\input\31_crop1.jpg</path>
  <source>
    <database>Unknown</database>
  </source>
  <size>
    <width>1024</width>
    <height>1024</height>
    <depth>3</depth>
  </size>
  <segmented>0</segmented>
  <object>
    <name>varroa</name>
    <pose>Unspecified</pose>
    <truncated>0</truncated>
    <difficult>0</difficult>
    <bndbox>
      <xmin>766</xmin>
      <ymin>795</ymin>
      <xmax>787</xmax>
      <ymax>814</ymax>
    </bndbox>
  </object>
  <object>
    <name>varroa</name>
    <pose>Unspecified</pose>
    <truncated>0</truncated>
    <difficult>0</difficult>
    <bndbox>
      <xmin>841</xmin>
      <ymin>995</ymin>
      <xmax>857</xmax>
      <ymax>1017</ymax>
    </bndbox>
  </object>
</annotation>
