<annotation>
  <folder>input</folder>
  <filename>50_crop8.jpg</filename>
  <path>D:\FAKS\DIPLOMSKI_RAD\OpenLabeling-master\OpenLabeling-master\main\input\50_crop8.jpg</path>
  <source>
    <database>Unknown</database>
  </source>
  <size>
    <width>1024</width>
    <height>1024</height>
    <depth>3</depth>
  </size>
  <segmented>0</segmented>
  <object>
    <name>varroa</name>
    <pose>Unspecified</pose>
    <truncated>0</truncated>
    <difficult>0</difficult>
    <bndbox>
      <xmin>163</xmin>
      <ymin>656</ymin>
      <xmax>182</xmax>
      <ymax>683</ymax>
    </bndbox>
  </object>
  <object>
    <name>varroa</name>
    <pose>Unspecified</pose>
    <truncated>0</truncated>
    <difficult>0</difficult>
    <bndbox>
      <xmin>158</xmin>
      <ymin>69</ymin>
      <xmax>172</xmax>
      <ymax>91</ymax>
    </bndbox>
  </object>
  <object>
    <name>varroa</name>
    <pose>Unspecified</pose>
    <truncated>0</truncated>
    <difficult>0</difficult>
    <bndbox>
      <xmin>164</xmin>
      <ymin>126</ymin>
      <xmax>182</xmax>
      <ymax>149</ymax>
    </bndbox>
  </object>
  <object>
    <name>varroa</name>
    <pose>Unspecified</pose>
    <truncated>0</truncated>
    <difficult>0</difficult>
    <bndbox>
      <xmin>7</xmin>
      <ymin>29</ymin>
      <xmax>26</xmax>
      <ymax>49</ymax>
    </bndbox>
  </object>
  <object>
    <name>varroa</name>
    <pose>Unspecified</pose>
    <truncated>0</truncated>
    <difficult>0</difficult>
    <bndbox>
      <xmin>19</xmin>
      <ymin>222</ymin>
      <xmax>42</xmax>
      <ymax>241</ymax>
    </bndbox>
  </object>
  <object>
    <name>varroa</name>
    <pose>Unspecified</pose>
    <truncated>0</truncated>
    <difficult>0</difficult>
    <bndbox>
      <xmin>570</xmin>
      <ymin>26</ymin>
      <xmax>594</xmax>
      <ymax>48</ymax>
    </bndbox>
  </object>
  <object>
    <name>varroa</name>
    <pose>Unspecified</pose>
    <truncated>0</truncated>
    <difficult>0</difficult>
    <bndbox>
      <xmin>735</xmin>
      <ymin>210</ymin>
      <xmax>759</xmax>
      <ymax>235</ymax>
    </bndbox>
  </object>
  <object>
    <name>varroa</name>
    <pose>Unspecified</pose>
    <truncated>0</truncated>
    <difficult>0</difficult>
    <bndbox>
      <xmin>584</xmin>
      <ymin>200</ymin>
      <xmax>607</xmax>
      <ymax>234</ymax>
    </bndbox>
  </object>
  <object>
    <name>varroa</name>
    <pose>Unspecified</pose>
    <truncated>0</truncated>
    <difficult>0</difficult>
    <bndbox>
      <xmin>422</xmin>
      <ymin>149</ymin>
      <xmax>447</xmax>
      <ymax>170</ymax>
    </bndbox>
  </object>
</annotation>
