<annotation>
  <folder>input</folder>
  <filename>56_crop7.jpg</filename>
  <path>D:\FAKS\DIPLOMSKI_RAD\OpenLabeling-master\OpenLabeling-master\main\input\56_crop7.jpg</path>
  <source>
    <database>Unknown</database>
  </source>
  <size>
    <width>1024</width>
    <height>1024</height>
    <depth>3</depth>
  </size>
  <segmented>0</segmented>
  <object>
    <name>varroa</name>
    <pose>Unspecified</pose>
    <truncated>0</truncated>
    <difficult>0</difficult>
    <bndbox>
      <xmin>154</xmin>
      <ymin>422</ymin>
      <xmax>175</xmax>
      <ymax>439</ymax>
    </bndbox>
  </object>
  <object>
    <name>varroa</name>
    <pose>Unspecified</pose>
    <truncated>0</truncated>
    <difficult>0</difficult>
    <bndbox>
      <xmin>529</xmin>
      <ymin>210</ymin>
      <xmax>550</xmax>
      <ymax>225</ymax>
    </bndbox>
  </object>
  <object>
    <name>varroa</name>
    <pose>Unspecified</pose>
    <truncated>0</truncated>
    <difficult>0</difficult>
    <bndbox>
      <xmin>821</xmin>
      <ymin>142</ymin>
      <xmax>838</xmax>
      <ymax>159</ymax>
    </bndbox>
  </object>
  <object>
    <name>varroa</name>
    <pose>Unspecified</pose>
    <truncated>0</truncated>
    <difficult>0</difficult>
    <bndbox>
      <xmin>1005</xmin>
      <ymin>157</ymin>
      <xmax>1021</xmax>
      <ymax>179</ymax>
    </bndbox>
  </object>
  <object>
    <name>varroa</name>
    <pose>Unspecified</pose>
    <truncated>0</truncated>
    <difficult>0</difficult>
    <bndbox>
      <xmin>964</xmin>
      <ymin>372</ymin>
      <xmax>982</xmax>
      <ymax>386</ymax>
    </bndbox>
  </object>
  <object>
    <name>varroa</name>
    <pose>Unspecified</pose>
    <truncated>0</truncated>
    <difficult>0</difficult>
    <bndbox>
      <xmin>935</xmin>
      <ymin>470</ymin>
      <xmax>947</xmax>
      <ymax>491</ymax>
    </bndbox>
  </object>
  <object>
    <name>varroa</name>
    <pose>Unspecified</pose>
    <truncated>0</truncated>
    <difficult>0</difficult>
    <bndbox>
      <xmin>951</xmin>
      <ymin>506</ymin>
      <xmax>970</xmax>
      <ymax>522</ymax>
    </bndbox>
  </object>
  <object>
    <name>varroa</name>
    <pose>Unspecified</pose>
    <truncated>0</truncated>
    <difficult>0</difficult>
    <bndbox>
      <xmin>841</xmin>
      <ymin>501</ymin>
      <xmax>856</xmax>
      <ymax>520</ymax>
    </bndbox>
  </object>
  <object>
    <name>varroa</name>
    <pose>Unspecified</pose>
    <truncated>0</truncated>
    <difficult>0</difficult>
    <bndbox>
      <xmin>857</xmin>
      <ymin>585</ymin>
      <xmax>874</xmax>
      <ymax>604</ymax>
    </bndbox>
  </object>
  <object>
    <name>varroa</name>
    <pose>Unspecified</pose>
    <truncated>0</truncated>
    <difficult>0</difficult>
    <bndbox>
      <xmin>843</xmin>
      <ymin>622</ymin>
      <xmax>860</xmax>
      <ymax>639</ymax>
    </bndbox>
  </object>
  <object>
    <name>varroa</name>
    <pose>Unspecified</pose>
    <truncated>0</truncated>
    <difficult>0</difficult>
    <bndbox>
      <xmin>817</xmin>
      <ymin>597</ymin>
      <xmax>835</xmax>
      <ymax>613</ymax>
    </bndbox>
  </object>
  <object>
    <name>varroa</name>
    <pose>Unspecified</pose>
    <truncated>0</truncated>
    <difficult>0</difficult>
    <bndbox>
      <xmin>787</xmin>
      <ymin>579</ymin>
      <xmax>803</xmax>
      <ymax>595</ymax>
    </bndbox>
  </object>
  <object>
    <name>varroa</name>
    <pose>Unspecified</pose>
    <truncated>0</truncated>
    <difficult>0</difficult>
    <bndbox>
      <xmin>681</xmin>
      <ymin>514</ymin>
      <xmax>697</xmax>
      <ymax>529</ymax>
    </bndbox>
  </object>
  <object>
    <name>varroa</name>
    <pose>Unspecified</pose>
    <truncated>0</truncated>
    <difficult>0</difficult>
    <bndbox>
      <xmin>690</xmin>
      <ymin>528</ymin>
      <xmax>709</xmax>
      <ymax>546</ymax>
    </bndbox>
  </object>
  <object>
    <name>varroa</name>
    <pose>Unspecified</pose>
    <truncated>0</truncated>
    <difficult>0</difficult>
    <bndbox>
      <xmin>575</xmin>
      <ymin>545</ymin>
      <xmax>594</xmax>
      <ymax>561</ymax>
    </bndbox>
  </object>
  <object>
    <name>varroa</name>
    <pose>Unspecified</pose>
    <truncated>0</truncated>
    <difficult>0</difficult>
    <bndbox>
      <xmin>897</xmin>
      <ymin>884</ymin>
      <xmax>913</xmax>
      <ymax>898</ymax>
    </bndbox>
  </object>
</annotation>
