<annotation>
  <folder>input</folder>
  <filename>63_crop4.jpg</filename>
  <path>D:\FAKS\DIPLOMSKI_RAD\OpenLabeling-master\OpenLabeling-master\main\input\63_crop4.jpg</path>
  <source>
    <database>Unknown</database>
  </source>
  <size>
    <width>1024</width>
    <height>1024</height>
    <depth>3</depth>
  </size>
  <segmented>0</segmented>
  <object>
    <name>varroa</name>
    <pose>Unspecified</pose>
    <truncated>0</truncated>
    <difficult>0</difficult>
    <bndbox>
      <xmin>181</xmin>
      <ymin>278</ymin>
      <xmax>202</xmax>
      <ymax>298</ymax>
    </bndbox>
  </object>
  <object>
    <name>varroa</name>
    <pose>Unspecified</pose>
    <truncated>0</truncated>
    <difficult>0</difficult>
    <bndbox>
      <xmin>93</xmin>
      <ymin>394</ymin>
      <xmax>117</xmax>
      <ymax>411</ymax>
    </bndbox>
  </object>
  <object>
    <name>varroa</name>
    <pose>Unspecified</pose>
    <truncated>0</truncated>
    <difficult>0</difficult>
    <bndbox>
      <xmin>299</xmin>
      <ymin>419</ymin>
      <xmax>319</xmax>
      <ymax>439</ymax>
    </bndbox>
  </object>
  <object>
    <name>varroa</name>
    <pose>Unspecified</pose>
    <truncated>0</truncated>
    <difficult>0</difficult>
    <bndbox>
      <xmin>582</xmin>
      <ymin>429</ymin>
      <xmax>604</xmax>
      <ymax>450</ymax>
    </bndbox>
  </object>
  <object>
    <name>varroa</name>
    <pose>Unspecified</pose>
    <truncated>0</truncated>
    <difficult>0</difficult>
    <bndbox>
      <xmin>945</xmin>
      <ymin>440</ymin>
      <xmax>961</xmax>
      <ymax>461</ymax>
    </bndbox>
  </object>
  <object>
    <name>varroa</name>
    <pose>Unspecified</pose>
    <truncated>0</truncated>
    <difficult>0</difficult>
    <bndbox>
      <xmin>923</xmin>
      <ymin>797</ymin>
      <xmax>941</xmax>
      <ymax>817</ymax>
    </bndbox>
  </object>
  <object>
    <name>varroa</name>
    <pose>Unspecified</pose>
    <truncated>0</truncated>
    <difficult>0</difficult>
    <bndbox>
      <xmin>964</xmin>
      <ymin>919</ymin>
      <xmax>979</xmax>
      <ymax>938</ymax>
    </bndbox>
  </object>
  <object>
    <name>varroa</name>
    <pose>Unspecified</pose>
    <truncated>0</truncated>
    <difficult>0</difficult>
    <bndbox>
      <xmin>952</xmin>
      <ymin>910</ymin>
      <xmax>967</xmax>
      <ymax>930</ymax>
    </bndbox>
  </object>
  <object>
    <name>varroa</name>
    <pose>Unspecified</pose>
    <truncated>0</truncated>
    <difficult>0</difficult>
    <bndbox>
      <xmin>895</xmin>
      <ymin>834</ymin>
      <xmax>915</xmax>
      <ymax>852</ymax>
    </bndbox>
  </object>
  <object>
    <name>varroa</name>
    <pose>Unspecified</pose>
    <truncated>0</truncated>
    <difficult>0</difficult>
    <bndbox>
      <xmin>785</xmin>
      <ymin>930</ymin>
      <xmax>801</xmax>
      <ymax>950</ymax>
    </bndbox>
  </object>
  <object>
    <name>varroa</name>
    <pose>Unspecified</pose>
    <truncated>0</truncated>
    <difficult>0</difficult>
    <bndbox>
      <xmin>825</xmin>
      <ymin>976</ymin>
      <xmax>841</xmax>
      <ymax>997</ymax>
    </bndbox>
  </object>
  <object>
    <name>varroa</name>
    <pose>Unspecified</pose>
    <truncated>0</truncated>
    <difficult>0</difficult>
    <bndbox>
      <xmin>507</xmin>
      <ymin>575</ymin>
      <xmax>525</xmax>
      <ymax>600</ymax>
    </bndbox>
  </object>
  <object>
    <name>varroa</name>
    <pose>Unspecified</pose>
    <truncated>0</truncated>
    <difficult>0</difficult>
    <bndbox>
      <xmin>517</xmin>
      <ymin>654</ymin>
      <xmax>534</xmax>
      <ymax>676</ymax>
    </bndbox>
  </object>
  <object>
    <name>varroa</name>
    <pose>Unspecified</pose>
    <truncated>0</truncated>
    <difficult>0</difficult>
    <bndbox>
      <xmin>554</xmin>
      <ymin>814</ymin>
      <xmax>572</xmax>
      <ymax>839</ymax>
    </bndbox>
  </object>
  <object>
    <name>varroa</name>
    <pose>Unspecified</pose>
    <truncated>0</truncated>
    <difficult>0</difficult>
    <bndbox>
      <xmin>545</xmin>
      <ymin>921</ymin>
      <xmax>559</xmax>
      <ymax>939</ymax>
    </bndbox>
  </object>
  <object>
    <name>varroa</name>
    <pose>Unspecified</pose>
    <truncated>0</truncated>
    <difficult>0</difficult>
    <bndbox>
      <xmin>534</xmin>
      <ymin>922</ymin>
      <xmax>547</xmax>
      <ymax>944</ymax>
    </bndbox>
  </object>
  <object>
    <name>varroa</name>
    <pose>Unspecified</pose>
    <truncated>0</truncated>
    <difficult>0</difficult>
    <bndbox>
      <xmin>582</xmin>
      <ymin>987</ymin>
      <xmax>597</xmax>
      <ymax>1007</ymax>
    </bndbox>
  </object>
  <object>
    <name>varroa</name>
    <pose>Unspecified</pose>
    <truncated>0</truncated>
    <difficult>0</difficult>
    <bndbox>
      <xmin>545</xmin>
      <ymin>983</ymin>
      <xmax>563</xmax>
      <ymax>1006</ymax>
    </bndbox>
  </object>
  <object>
    <name>varroa</name>
    <pose>Unspecified</pose>
    <truncated>0</truncated>
    <difficult>0</difficult>
    <bndbox>
      <xmin>513</xmin>
      <ymin>1009</ymin>
      <xmax>533</xmax>
      <ymax>1023</ymax>
    </bndbox>
  </object>
  <object>
    <name>varroa</name>
    <pose>Unspecified</pose>
    <truncated>0</truncated>
    <difficult>0</difficult>
    <bndbox>
      <xmin>467</xmin>
      <ymin>832</ymin>
      <xmax>487</xmax>
      <ymax>855</ymax>
    </bndbox>
  </object>
  <object>
    <name>varroa</name>
    <pose>Unspecified</pose>
    <truncated>0</truncated>
    <difficult>0</difficult>
    <bndbox>
      <xmin>452</xmin>
      <ymin>820</ymin>
      <xmax>470</xmax>
      <ymax>841</ymax>
    </bndbox>
  </object>
  <object>
    <name>varroa</name>
    <pose>Unspecified</pose>
    <truncated>0</truncated>
    <difficult>0</difficult>
    <bndbox>
      <xmin>351</xmin>
      <ymin>575</ymin>
      <xmax>372</xmax>
      <ymax>597</ymax>
    </bndbox>
  </object>
  <object>
    <name>varroa</name>
    <pose>Unspecified</pose>
    <truncated>0</truncated>
    <difficult>0</difficult>
    <bndbox>
      <xmin>359</xmin>
      <ymin>904</ymin>
      <xmax>382</xmax>
      <ymax>924</ymax>
    </bndbox>
  </object>
  <object>
    <name>varroa</name>
    <pose>Unspecified</pose>
    <truncated>0</truncated>
    <difficult>0</difficult>
    <bndbox>
      <xmin>391</xmin>
      <ymin>972</ymin>
      <xmax>413</xmax>
      <ymax>995</ymax>
    </bndbox>
  </object>
  <object>
    <name>varroa</name>
    <pose>Unspecified</pose>
    <truncated>0</truncated>
    <difficult>0</difficult>
    <bndbox>
      <xmin>311</xmin>
      <ymin>870</ymin>
      <xmax>328</xmax>
      <ymax>892</ymax>
    </bndbox>
  </object>
  <object>
    <name>varroa</name>
    <pose>Unspecified</pose>
    <truncated>0</truncated>
    <difficult>0</difficult>
    <bndbox>
      <xmin>7</xmin>
      <ymin>661</ymin>
      <xmax>29</xmax>
      <ymax>677</ymax>
    </bndbox>
  </object>
  <object>
    <name>varroa</name>
    <pose>Unspecified</pose>
    <truncated>0</truncated>
    <difficult>0</difficult>
    <bndbox>
      <xmin>11</xmin>
      <ymin>842</ymin>
      <xmax>26</xmax>
      <ymax>865</ymax>
    </bndbox>
  </object>
  <object>
    <name>varroa</name>
    <pose>Unspecified</pose>
    <truncated>0</truncated>
    <difficult>0</difficult>
    <bndbox>
      <xmin>156</xmin>
      <ymin>963</ymin>
      <xmax>178</xmax>
      <ymax>982</ymax>
    </bndbox>
  </object>
  <object>
    <name>varroa</name>
    <pose>Unspecified</pose>
    <truncated>0</truncated>
    <difficult>0</difficult>
    <bndbox>
      <xmin>151</xmin>
      <ymin>1001</ymin>
      <xmax>168</xmax>
      <ymax>1020</ymax>
    </bndbox>
  </object>
  <object>
    <name>varroa</name>
    <pose>Unspecified</pose>
    <truncated>0</truncated>
    <difficult>0</difficult>
    <bndbox>
      <xmin>125</xmin>
      <ymin>988</ymin>
      <xmax>145</xmax>
      <ymax>1010</ymax>
    </bndbox>
  </object>
  <object>
    <name>varroa</name>
    <pose>Unspecified</pose>
    <truncated>0</truncated>
    <difficult>0</difficult>
    <bndbox>
      <xmin>94</xmin>
      <ymin>922</ymin>
      <xmax>109</xmax>
      <ymax>944</ymax>
    </bndbox>
  </object>
  <object>
    <name>varroa</name>
    <pose>Unspecified</pose>
    <truncated>0</truncated>
    <difficult>0</difficult>
    <bndbox>
      <xmin>81</xmin>
      <ymin>970</ymin>
      <xmax>100</xmax>
      <ymax>990</ymax>
    </bndbox>
  </object>
  <object>
    <name>varroa</name>
    <pose>Unspecified</pose>
    <truncated>0</truncated>
    <difficult>0</difficult>
    <bndbox>
      <xmin>45</xmin>
      <ymin>925</ymin>
      <xmax>62</xmax>
      <ymax>943</ymax>
    </bndbox>
  </object>
  <object>
    <name>varroa</name>
    <pose>Unspecified</pose>
    <truncated>0</truncated>
    <difficult>0</difficult>
    <bndbox>
      <xmin>34</xmin>
      <ymin>917</ymin>
      <xmax>51</xmax>
      <ymax>935</ymax>
    </bndbox>
  </object>
  <object>
    <name>varroa</name>
    <pose>Unspecified</pose>
    <truncated>0</truncated>
    <difficult>0</difficult>
    <bndbox>
      <xmin>11</xmin>
      <ymin>917</ymin>
      <xmax>30</xmax>
      <ymax>935</ymax>
    </bndbox>
  </object>
  <object>
    <name>varroa</name>
    <pose>Unspecified</pose>
    <truncated>0</truncated>
    <difficult>0</difficult>
    <bndbox>
      <xmin>0</xmin>
      <ymin>926</ymin>
      <xmax>7</xmax>
      <ymax>943</ymax>
    </bndbox>
  </object>
</annotation>
