<annotation>
  <folder>input</folder>
  <filename>64_crop5.jpg</filename>
  <path>D:\FAKS\DIPLOMSKI_RAD\OpenLabeling-master\OpenLabeling-master\main\input\64_crop5.jpg</path>
  <source>
    <database>Unknown</database>
  </source>
  <size>
    <width>1024</width>
    <height>1024</height>
    <depth>3</depth>
  </size>
  <segmented>0</segmented>
  <object>
    <name>varroa</name>
    <pose>Unspecified</pose>
    <truncated>0</truncated>
    <difficult>0</difficult>
    <bndbox>
      <xmin>965</xmin>
      <ymin>442</ymin>
      <xmax>984</xmax>
      <ymax>466</ymax>
    </bndbox>
  </object>
  <object>
    <name>varroa</name>
    <pose>Unspecified</pose>
    <truncated>0</truncated>
    <difficult>0</difficult>
    <bndbox>
      <xmin>957</xmin>
      <ymin>648</ymin>
      <xmax>975</xmax>
      <ymax>671</ymax>
    </bndbox>
  </object>
  <object>
    <name>varroa</name>
    <pose>Unspecified</pose>
    <truncated>0</truncated>
    <difficult>0</difficult>
    <bndbox>
      <xmin>642</xmin>
      <ymin>1</ymin>
      <xmax>662</xmax>
      <ymax>20</ymax>
    </bndbox>
  </object>
  <object>
    <name>varroa</name>
    <pose>Unspecified</pose>
    <truncated>0</truncated>
    <difficult>0</difficult>
    <bndbox>
      <xmin>799</xmin>
      <ymin>1</ymin>
      <xmax>818</xmax>
      <ymax>12</ymax>
    </bndbox>
  </object>
</annotation>
