<annotation>
  <folder>input</folder>
  <filename>65_crop2.jpg</filename>
  <path>D:\FAKS\DIPLOMSKI_RAD\OpenLabeling-master\OpenLabeling-master\main\input\65_crop2.jpg</path>
  <source>
    <database>Unknown</database>
  </source>
  <size>
    <width>1024</width>
    <height>1024</height>
    <depth>3</depth>
  </size>
  <segmented>0</segmented>
  <object>
    <name>varroa</name>
    <pose>Unspecified</pose>
    <truncated>0</truncated>
    <difficult>0</difficult>
    <bndbox>
      <xmin>973</xmin>
      <ymin>57</ymin>
      <xmax>993</xmax>
      <ymax>76</ymax>
    </bndbox>
  </object>
  <object>
    <name>varroa</name>
    <pose>Unspecified</pose>
    <truncated>0</truncated>
    <difficult>0</difficult>
    <bndbox>
      <xmin>701</xmin>
      <ymin>221</ymin>
      <xmax>721</xmax>
      <ymax>242</ymax>
    </bndbox>
  </object>
  <object>
    <name>varroa</name>
    <pose>Unspecified</pose>
    <truncated>0</truncated>
    <difficult>0</difficult>
    <bndbox>
      <xmin>862</xmin>
      <ymin>321</ymin>
      <xmax>882</xmax>
      <ymax>338</ymax>
    </bndbox>
  </object>
  <object>
    <name>varroa</name>
    <pose>Unspecified</pose>
    <truncated>0</truncated>
    <difficult>0</difficult>
    <bndbox>
      <xmin>830</xmin>
      <ymin>469</ymin>
      <xmax>849</xmax>
      <ymax>491</ymax>
    </bndbox>
  </object>
  <object>
    <name>varroa</name>
    <pose>Unspecified</pose>
    <truncated>0</truncated>
    <difficult>0</difficult>
    <bndbox>
      <xmin>819</xmin>
      <ymin>473</ymin>
      <xmax>836</xmax>
      <ymax>493</ymax>
    </bndbox>
  </object>
  <object>
    <name>varroa</name>
    <pose>Unspecified</pose>
    <truncated>0</truncated>
    <difficult>0</difficult>
    <bndbox>
      <xmin>713</xmin>
      <ymin>310</ymin>
      <xmax>733</xmax>
      <ymax>327</ymax>
    </bndbox>
  </object>
  <object>
    <name>varroa</name>
    <pose>Unspecified</pose>
    <truncated>0</truncated>
    <difficult>0</difficult>
    <bndbox>
      <xmin>1011</xmin>
      <ymin>634</ymin>
      <xmax>1023</xmax>
      <ymax>651</ymax>
    </bndbox>
  </object>
  <object>
    <name>varroa</name>
    <pose>Unspecified</pose>
    <truncated>0</truncated>
    <difficult>0</difficult>
    <bndbox>
      <xmin>914</xmin>
      <ymin>641</ymin>
      <xmax>931</xmax>
      <ymax>663</ymax>
    </bndbox>
  </object>
  <object>
    <name>varroa</name>
    <pose>Unspecified</pose>
    <truncated>0</truncated>
    <difficult>0</difficult>
    <bndbox>
      <xmin>742</xmin>
      <ymin>565</ymin>
      <xmax>762</xmax>
      <ymax>585</ymax>
    </bndbox>
  </object>
  <object>
    <name>varroa</name>
    <pose>Unspecified</pose>
    <truncated>0</truncated>
    <difficult>0</difficult>
    <bndbox>
      <xmin>720</xmin>
      <ymin>544</ymin>
      <xmax>737</xmax>
      <ymax>562</ymax>
    </bndbox>
  </object>
  <object>
    <name>varroa</name>
    <pose>Unspecified</pose>
    <truncated>0</truncated>
    <difficult>0</difficult>
    <bndbox>
      <xmin>687</xmin>
      <ymin>657</ymin>
      <xmax>706</xmax>
      <ymax>674</ymax>
    </bndbox>
  </object>
  <object>
    <name>varroa</name>
    <pose>Unspecified</pose>
    <truncated>0</truncated>
    <difficult>0</difficult>
    <bndbox>
      <xmin>610</xmin>
      <ymin>610</ymin>
      <xmax>630</xmax>
      <ymax>627</ymax>
    </bndbox>
  </object>
  <object>
    <name>varroa</name>
    <pose>Unspecified</pose>
    <truncated>0</truncated>
    <difficult>0</difficult>
    <bndbox>
      <xmin>878</xmin>
      <ymin>834</ymin>
      <xmax>901</xmax>
      <ymax>858</ymax>
    </bndbox>
  </object>
  <object>
    <name>varroa</name>
    <pose>Unspecified</pose>
    <truncated>0</truncated>
    <difficult>0</difficult>
    <bndbox>
      <xmin>913</xmin>
      <ymin>995</ymin>
      <xmax>930</xmax>
      <ymax>1016</ymax>
    </bndbox>
  </object>
  <object>
    <name>varroa</name>
    <pose>Unspecified</pose>
    <truncated>0</truncated>
    <difficult>0</difficult>
    <bndbox>
      <xmin>861</xmin>
      <ymin>977</ymin>
      <xmax>881</xmax>
      <ymax>999</ymax>
    </bndbox>
  </object>
  <object>
    <name>varroa</name>
    <pose>Unspecified</pose>
    <truncated>0</truncated>
    <difficult>0</difficult>
    <bndbox>
      <xmin>528</xmin>
      <ymin>854</ymin>
      <xmax>548</xmax>
      <ymax>875</ymax>
    </bndbox>
  </object>
  <object>
    <name>varroa</name>
    <pose>Unspecified</pose>
    <truncated>0</truncated>
    <difficult>0</difficult>
    <bndbox>
      <xmin>497</xmin>
      <ymin>930</ymin>
      <xmax>515</xmax>
      <ymax>950</ymax>
    </bndbox>
  </object>
  <object>
    <name>varroa</name>
    <pose>Unspecified</pose>
    <truncated>0</truncated>
    <difficult>0</difficult>
    <bndbox>
      <xmin>521</xmin>
      <ymin>958</ymin>
      <xmax>543</xmax>
      <ymax>976</ymax>
    </bndbox>
  </object>
  <object>
    <name>varroa</name>
    <pose>Unspecified</pose>
    <truncated>0</truncated>
    <difficult>0</difficult>
    <bndbox>
      <xmin>551</xmin>
      <ymin>997</ymin>
      <xmax>572</xmax>
      <ymax>1018</ymax>
    </bndbox>
  </object>
  <object>
    <name>varroa</name>
    <pose>Unspecified</pose>
    <truncated>0</truncated>
    <difficult>0</difficult>
    <bndbox>
      <xmin>433</xmin>
      <ymin>602</ymin>
      <xmax>450</xmax>
      <ymax>621</ymax>
    </bndbox>
  </object>
  <object>
    <name>varroa</name>
    <pose>Unspecified</pose>
    <truncated>0</truncated>
    <difficult>0</difficult>
    <bndbox>
      <xmin>343</xmin>
      <ymin>213</ymin>
      <xmax>361</xmax>
      <ymax>234</ymax>
    </bndbox>
  </object>
  <object>
    <name>varroa</name>
    <pose>Unspecified</pose>
    <truncated>0</truncated>
    <difficult>0</difficult>
    <bndbox>
      <xmin>306</xmin>
      <ymin>789</ymin>
      <xmax>322</xmax>
      <ymax>808</ymax>
    </bndbox>
  </object>
  <object>
    <name>varroa</name>
    <pose>Unspecified</pose>
    <truncated>0</truncated>
    <difficult>0</difficult>
    <bndbox>
      <xmin>263</xmin>
      <ymin>822</ymin>
      <xmax>282</xmax>
      <ymax>847</ymax>
    </bndbox>
  </object>
  <object>
    <name>varroa</name>
    <pose>Unspecified</pose>
    <truncated>0</truncated>
    <difficult>0</difficult>
    <bndbox>
      <xmin>241</xmin>
      <ymin>827</ymin>
      <xmax>255</xmax>
      <ymax>847</ymax>
    </bndbox>
  </object>
  <object>
    <name>varroa</name>
    <pose>Unspecified</pose>
    <truncated>0</truncated>
    <difficult>0</difficult>
    <bndbox>
      <xmin>289</xmin>
      <ymin>938</ymin>
      <xmax>311</xmax>
      <ymax>961</ymax>
    </bndbox>
  </object>
  <object>
    <name>varroa</name>
    <pose>Unspecified</pose>
    <truncated>0</truncated>
    <difficult>0</difficult>
    <bndbox>
      <xmin>74</xmin>
      <ymin>444</ymin>
      <xmax>94</xmax>
      <ymax>459</ymax>
    </bndbox>
  </object>
  <object>
    <name>varroa</name>
    <pose>Unspecified</pose>
    <truncated>0</truncated>
    <difficult>0</difficult>
    <bndbox>
      <xmin>25</xmin>
      <ymin>598</ymin>
      <xmax>44</xmax>
      <ymax>618</ymax>
    </bndbox>
  </object>
</annotation>
